滨	a
缤	a
濒	a
摈	i
髌	i
傧	i
镔	i
豳	i
斌	o
宾	o
膑	u
邠	u
䐔	u
彬	v
鬓	v
髩	v
槟	v
霦	v
殡	v
梹	v
椕	v
豩	v
玢	v
瑸	v
剥	a
剝	a
孢	a
瀑	a
媬	a
保	i
薄	i
葆	i
菢	i
苞	i
堡	i
儤	i
煲	i
铇	i
抱	i
报	i
龅	i
宝	o
褓	o
嘐	o
暴	o
曝	o
趵	o
嚗	o
宲	o
寚	o
爆	o
炮	o
褒	o
襃	o
包	u
饱	u
勹	u
刨	u
勽	u
鲍	u
鸨	u
豹	u
胞	u
㼎	u
雹	v
堢	v
枹	v
虣	v
珤	v
败	a
擘	a
摆	i
拜	i
伯	i
掰	i
捭	i
拝	i
佰	i
呗	o
䙓	o
𨃅	o
㗑	o
粨	o
竡	o
庍	o
稗	u
㿟	u
白	u
百	v
柏	v
㓦	v
𫖔	v
栢	v
畚	a
奙	a
苯	i
锛	i
倴	i
喯	o
笨	u
贲	u
炃	u
坌	u
犇	u
奔	v
㮺	v
本	v
栟	v
坋	v
夯	v
逩	v
夲	v
屏	a
𰬔	a
陃	a
屛	a
摒	i
蛃	i
偋	i
仌	i
氷	i
仒	i
𰽼	i
併	i
𲇿	i
傡	i
倂	i
抦	i
病	o
昺	o
昞	o
寎	o
炳	o
並	o
并	o
冰	o
竝	o
庰	o
稟	o
禀	o
冫	o
兵	u
饼	u
秉	u
幷	u
柄	v
丙	v
邴	v
鞞	v
鞆	v
靐	v
棅	v
绊	a
埿	a
阪	a
湴	a
姅	a
办	a
搬	i
蝂	i
岅	i
伴	i
钣	i
扳	i
拌	i
扮	i
半	o
昄	o
𬮳	o
𧿨	o
粄	o
瓣	o
𨭉	o
斒	o
瘢	o
癍	o
版	u
颁	u
攽	u
般	u
舨	u
班	v
靽	v
坂	v
坢	v
柈	v
板	v
斑	v
㚘	v
婄	a
陠	a
步	i
峬	i
蔀	i
卜	i
钚	i
钸	i
捕	i
捗	i
佈	i
歩	i
补	o
𰵩	o
晡	o
卟	o
怖	o
悑	o
哺	o
勏	o
部	o
廍	o
吥	o
咘	o
瓿	o
庯	o
簿	u
𫗦	u
鿻	u
篰	u
布	v
逋	v
醭	v
𬷕	v
尃	v
埠	v
埗	v
埔	v
㘵	v
㱛	v
不	v
避	a
纰	a
𱅈	a
陛	a
䧗	a
泌	a
赑	a
婢	a
濞	a
妼	a
嬶	a
妣	a
滗	a
娝	a
壁	a
嬖	a
沘	a
辟	a
𫵘	a
湢	a
躄	a
屄	a
襞	a
臂	a
璧	a
𪪼	a
弻	a
弼	a
蔽	i
睥	i
㘠	i
髀	i
佊	i
崥	i
畀	i
奰	i
蓖	i
薜	i
苾	i
荸	i
萆	i
荜	i
芘	i
铋	i
佖	i
幤	i
𫔇	i
俾	i
偪	i
必	o
裨	o
邲	o
诐	o
祕	o
闭	o
躃	o
𮤲	o
跸	o
愎	o
咇	o
愊	o
弊	o
鄙	o
㡀	o
啚	o
敝	o
煏	o
粃	o
𤇹	o
獘	o
𡚁	o
庇	o
哔	o
吡	o
廦	o
痹	o
庳	o
疕	o
痺	o
疪	o
笔	u
匕	u
狴	u
𮩛	u
鲾	u
币	u
鼻	u
皀	u
彼	u
舭	u
秘	u
箅	u
箆	u
毴	u
馝	u
腷	u
篦	u
秕	u
筚	u
𥷑	u
毕	v
毙	v
毖	v
比	v
坒	v
髲	v
逼	v
柲	v
畐	v
堛	v
皕	v
朼	v
觱	v
夶	v
碧	v
梐	v
珌	v
𫖒	v
𰻝	o
边	a
编	a
缏	a
贬	a
𨚕	a
汴	a
弁	a
辺	a
便	i
蝙	i
峅	i
苄	i
萹	i
藊	i
抃	i
遍	o
扁	o
褊	o
昪	o
窆	o
忭	o
惼	o
煸	o
炞	o
辩	o
辫	o
变	o
卞	o
辨	o
辡	o
変	o
笾	u
鳊	u
𫚣	u
邉	u
釆	u
艑	u
徧	u
箯	u
稨	u
鞭	v
匾	v
𡍣	v
砭	v
碥	v
婊	a
骠	a
骉	a
滮	a
瀌	a
𰷫	a
彪	i
幖	i
蔈	i
藨	i
镖	i
镳	i
儦	i
𰾍	i
摽	i
俵	i
裱	o
褾	o
熛	o
瘭	o
麃	o
膘	u
飚	u
飑	u
鳔	u
𱃠	u
臕	u
脿	u
穮	u
标	v
髟	v
墂	v
飙	v
杓	v
猋	v
嫑	v
表	v
波	a
驳	a
𱅐	a
癶	a
泊	a
渤	a
浡	a
孹	a
艴	a
檗	a
播	i
嶓	i
髆	i
帗	i
菠	i
蘗	i
蕃	i
葧	i
钵	i
𬭛	i
铂	i
钹	i
镈	i
仢	i
拨	i
侼	i
㩧	i
僠	i
搏	i
跛	o
啵	o
袯	o
襮	o
踣	o
愽	o
哱	o
噃	o
𠼭	o
煿	o
亳	o
博	u
饽	u
𱇣	u
鲌	u
馎	u
帛	u
魄	u
勃	u
孛	u
鹁	u
㪍	u
脖	u
舶	u
瓝	u
膊	u
箔	u
馞	u
簙	u
簸	u
缽	u
玻	v
檘	v
僰	v
欂	v
豰	v
㝿	v
礴	v
盋	v
礡	v
桲	v
磻	v
砵	v
巴	a
癹	a
妭	a
灞	a
㞎	a
弝	a
拔	i
罢	i
岜	i
蚆	i
峇	i
芭	i
菝	i
茇	i
钯	i
扒	i
把	i
捌	i
仈	i
抜	i
𫜨	i
吧	o
跋	o
哵	o
叭	o
粑	o
羓	o
丷	o
炦	o
疤	o
八	u
鲅	u
鲃	u
魃	u
鼥	u
爸	u
笆	u
叐	u
𫁂	u
胈	u
霸	v
靶	v
䩗	v
覇	v
坝	v
坺	v
朳	v
夿	v
犮	v
耙	v
鿱	v
䎬	v
欛	v
绷	a
崩	i
蚌	i
嵭	i
菶	i
傰	i
镚	i
揼	i
伻	i
迸	o
祊	o
嘣	o
蹦	o
㷯	o
甭	v
䩬	v
鞛	v
堋	v
塴	v
埄	v
甏	v
䨻	v
埲	v
𥛱	v
泵	v
奟	v
琫	v
贝	a
𬇙	a
陂	a
𫝦	a
鐾	a
北	i
骳	i
㽡	i
蓓	i
僃	i
偹	i
偝	i
倍	i
钡	i
揹	i
俻	i
背	i
邶	i
悲	i
辈	i
褙	o
被	o
悖	o
焙	o
糒	o
备	u
惫	u
狈	u
卑	u
鹎	u
箄	u
杯	v
𪱷	v
鞴	v
鞁	v
棓	v
碑	v
椑	v
盃	v
碚	v
琲	v
桮	v
绑	a
𬴅	a
浜	a
嫎	a
镑	i
峀	i
髈	i
蜯	i
蒡	i
傍	i
搒	i
谤	o
𠳐	o
膀	u
牓	u
艕	u
稖	u
邦	v
榜	v
幇	v
塝	v
彭	v
垹	v
磅	v
棒	v
帮	v
幚	v
梆	v
玤	v
蛂	i
憋	o
別	o
别	o
鳖	o
蹩	o
𱌇	o
瘪	o
㿜	o
癿	u
翠	a
缞	a
𮉬	a
漼	a
淬	a
崔	i
嶉	i
萃	i
催	i
倅	i
摧	i
伜	i
啐	o
襊	o
悴	o
忰	o
粹	o
熣	o
焠	o
粋	o
瘁	o
啛	o
衰	o
凗	o
疩	o
𱂯	o
脆	u
獕	u
皠	u
膵	u
脺	u
脃	u
毳	u
璀	v
榱	v
墔	v
漕	a
𮪤	a
屮	a
艸	a
操	i
螬	i
嶆	i
艹	i
草	i
𢮥	i
傮	i
糙	o
懆	o
嘈	o
艚	u
肏	u
曹	v
曺	v
𥕢	v
槽	v
财	a
𮉯	a
䌽	a
婇	a
蔡	i
睬	i
偲	i
菜	i
採	i
倸	i
踩	o
跴	o
寀	o
啋	o
采	u
猜	u
彩	u
裁	u
㒲	u
材	v
才	v
埰	v
𧚝	v
𰌇	a
测	a
侧	i
冊	i
畟	i
恻	o
册	u
策	u
筞	u
箣	u
䇲	u
厕	v
墄	v
栅	v
涔	a
参	a
㕘	a
叅	a
叄	a
㟥	i
㞥	i
岑	i
骖	a
湌	a
澯	a
𠫭	a
嬠	a
孱	a
餐	i
黪	i
𫢺	i
儏	i
掺	i
粲	i
㛑	i
𡛝	i
𮬞	i
歺	i
惨	o
𰇼	o
䗝	o
喰	o
惭	o
憯	o
灿	o
𰉄	o
飡	o
䅟	u
𥮾	u
残	v
朁	v
𰑧	v
蚕	v
璨	v
䗞	v
䘉	v
娕	a
媨	a
促	i
蔟	i
蹴	o
踧	o
踀	o
憱	o
噈	o
粗	o
卒	o
麤	o
蹵	o
瘄	o
簇	u
猝	u
麁	u
卆	u
徂	u
觕	u
醋	v
酢	v
𱋾	v
蹙	v
殂	v
𫖹	v
𡝉	v
赐	a
𬘷	a
泚	a
濨	a
嬨	a
䛐	a
此	i
伺	i
骴	i
螆	i
茨	i
茲	i
茈	i
𰱱	i
莿	i
佌	i
偨	i
佽	i
雌	i
姕	i
𫚖	i
词	o
祠	o
呲	o
跐	o
慈	o
兹	o
糍	o
鹚	o
差	o
甆	o
瓷	o
乲	o
疵	o
餈	o
庛	o
粢	o
玆	o
次	o
垐	o
辞	u
辤	u
蛓	u
刺	v
朿	v
刾	v
䨏	v
磁	v
玼	v
搓	i
嵯	i
嵳	i
㽨	i
莝	i
剉	i
侳	i
夎	i
锉	i
错	i
挫	i
撮	i
措	i
鹾	i
虘	i
痤	o
蹉	o
瘥	o
矬	u
脞	u
酂	u
磋	v
剒	v
厝	v
瑳	v
棤	v
攒	i
𰏁	i
镩	i
撺	i
蹿	o
窜	o
熶	o
篡	u
爨	u
汆	u
簒	u
𪴙	v
拆	i
擦	i
嚓	o
礤	v
䃰	v
层	a
嶒	i
䁬	i
蹭	o
㬝	o
噌	o
曽	o
曾	o
㣒	o
竲	o
䉕	u
𭦌	u
皴	a
侟	i
拵	i
忖	o
蹲	o
踆	o
吋	o
𤭢	o
村	v
邨	v
寸	v
刌	v
壿	v
存	v
淙	a
骢	a
𰬥	a
孮	a
婃	a
丛	i
㞱	i
𠕁	i
葱	i
苁	i
从	i
蔥	i
藂	i
𫓩	i
悰	o
憁	o
𰷥	o
熜	o
焧	o
匆	u
怱	u
匇	u
囱	u
悤	u
囪	u
忩	u
従	u
聪	v
枞	v
欉	v
聡	v
琮	v
𪻐	v
璁	v
樷	v
沧	a
仓	i
鸧	i
苍	i
伧	i
蔵	i
藏	i
仺	i
舱	u
臧	v
匨	v
湊	a
傶	i
凑	o
腠	u
辏	v
楱	v
队	a
陮	a
怼	a
对	a
镦	i
嵟	i
𬭚	i
㨃	i
兑	o
祋	o
啍	o
憝	o
敦	o
㪟	o
対	o
追	u
𫗰	u
𠂤	u
兌	u
兊	u
堆	v
㙂	v
垖	v
塠	v
碓	v
𩈜	v
刀	a
𣱼	a
陦	a
盜	a
导	a
倒	i
帱	i
虭	i
𫝵	i
刂	i
捣	i
捯	i
𢭏	i
𢷬	i
道	o
祷	o
叨	o
蹈	o
悼	o
忉	o
𫪧	o
噵	o
盗	o
岛	u
鱽	u
𡷊	u
舠	u
稻	u
氘	u
稲	u
纛	v
朷	v
到	v
𭎜	v
焘	v
逮	a
绐	a
骀	a
怠	a
迨	a
袋	i
𢯊	i
贷	i
𥿝	i
代	i
黛	i
岱	i
侢	i
帒	i
傣	i
垈	i
呆	o
诒	o
襶	o
呔	o
𠯪	o
𰏼	o
待	u
㶡	u
戴	u
黱	u
带	v
轪	v
棣	v
𮷗	v
帯	v
埭	v
歹	v
殆	v
㞭	v
大	v
玳	v
叇	v
甙	v
𢨚	v
瑇	v
锝	i
嘚	o
㝵	o
底	o
德	u
的	u
惪	u
𢛳	u
悳	u
徳	u
得	u
脦	u
地	v
㯖	v
㩐	i
扥	i
扽	i
奵	a
濎	a
盯	i
鼎	i
町	i
帄	i
甼	i
萣	i
钉	i
锭	i
铤	i
掟	i
仃	i
订	o
啶	o
定	o
叮	o
疔	o
腚	u
饤	u
顶	v
丁	v
酊	v
耵	v
靪	v
椗	v
碇	v
矴	v
玎	v
弹	a
𬘘	a
𱅛	a
蛋	a
疍	a
淡	a
泹	a
赕	a
𫎫	a
澹	a
妉	a
媅	a
弾	a
担	i
眈	i
黕	i
帎	i
嵅	i
黮	i
萏	i
𫢸	i
伔	i
但	i
儃	i
掸	i
儋	i
抌	i
撢	i
𬱗	i
单	o
诞	o
褝	o
䜥	o
禫	o
噉	o
旦	o
𱉗	o
惮	o
呾	o
𫫦	o
単	o
啖	o
憺	o
郸	o
啗	o
噡	o
唌	o
𬊤	o
疸	o
勯	o
啿	o
嘾	o
瘅	o
亶	o
㡺	o
丹	u
甔	u
刐	u
觛	u
狚	u
鿕	u
躭	u
蜑	u
𣇇	u
胆	u
膻	u
氮	u
箪	u
耽	v
聃	v
耼	v
髧	v
𰅦	v
霮	v
柦	v
石	v
殚	v
丼	v
渡	a
𱄿	a
叾	a
赌	a
𭣧	a
妒	a
渎	a
𪥿	a
妬	a
厾	a
𡰪	a
涜	a
㞘	a
督	i
睹	i
髑	i
黩	i
帾	i
芏	i
镀	i
𬭊	i
𰂏	i
度	o
𮙋	o
读	o
阇	o
噣	o
嘟	o
𰃿	o
𢾖	o
剫	o
𡁯	o
𭇡	o
独	u
牍	u
都	u
𬢎	u
肚	u
笃	u
犊	u
毒	v
顿	v
蠹	v
螙	v
𧉓	v
堵	v
蠧	v
𣫔	v
椟	v
剢	v
𰅥	v
𧰵	v
杜	v
滴	a
缔	a
墬	a
隄	a
䧑	a
阺	a
埅	a
翟	a
涤	a
嫡	a
娣	a
媂	a
𢎨	a
坔	a
弤	a
㢩	a
低	i
迪	i
廸	i
蝃	i
埊	i
睇	i
骶	i
䵠	i
䗖	i
𬱖	i
嶳	i
蒂	i
苖	i
荻	i
茋	i
菂	i
镝	i
俤	i
偙	i
抵	i
提	i
仾	i
𰂗	i
谛	o
禘	o
𬤊	o
嚁	o
诋	o
踶	o
蹢	o
旳	o
嘀	o
弟	o
唙	o
呧	o
啲	o
递	o
焍	o
羝	o
帝	o
啇	o
遆	o
哋	o
第	u
狄	u
邸	u
觝	u
氐	u
籴	u
觌	u
逓	u
敌	u
笛	u
牴	u
堤	v
髢	v
鞮	v
䯼	v
坻	v
埞	v
墑	v
樀	v
𰊂	v
砥	v
柢	v
碲	v
䃅	v
厎	v
奃	v
奀	v
玓	v
𤧛	v
杕	v
殿	a
阽	a
淀	a
滇	a
婰	a
㚲	a
婝	a
壂	a
电	i
典	i
䀡	i
㸃	i
巅	i
嵮	i
佃	i
蒧	i
钿	i
垫	i
掂	i
傎	i
𭣇	i
奌	i
敁	i
㓠	i
𭴙	i
点	i
店	o
扂	o
𧮪	o
踮	o
嚸	o
跕	o
蹎	o
惦	o
奠	o
癫	o
癜	o
颠	u
甸	u
㒹	u
簟	u
䍄	u
碘	v
坫	v
磹	v
槇	v
䩇	v
槙	v
厧	v
玷	v
靛	v
琔	v
刁	a
汈	a
刟	a
𠚥	a
屌	a
弔	a
弴	a
钓	i
蛁	i
伄	i
𦰏	i
铞	i
铫	i
掉	i
调	o
叼	o
𫍥	o
吊	o
𮤭	o
窎	o
凋	o
雕	u
鸟	u
鲷	u
𫛲	u
彫	u
鼦	u
貂	u
碉	v
雿	v
奝	v
琱	v
堕	a
驮	a
缍	a
隳	a
嶞	a
陊	a
隋	a
陏	a
剟	a
敠	a
沲	a
㛆	a
刴	a
㛊	a
媠	a
朶	a
夛	a
铎	i
崜	i
𡇙	i
茤	i
掇	i
踱	o
咄	o
裰	o
跺	o
跥	o
跢	o
惰	o
喥	o
墯	o
𠲝	o
哆	o
哚	o
敚	o
𪞝	o
亸	o
朵	u
剁	u
饳	u
多	u
躲	u
躱	u
𰹀	u
舵	u
𮃄	u
𥞛	u
夺	v
柮	v
杝	v
垛	v
㙍	v
垜	v
柁	v
埵	v
𫰂	v
尮	v
柂	v
铥	i
丢	u
丟	v
缎	a
媏	a
锻	i
耑	i
剬	i
偳	i
𢭃	i
断	o
煅	o
端	o
段	u
簖	u
短	u
椴	v
塅	v
𭔰	v
碫	v
瑖	v
妲	a
𫄤	a
溚	a
沓	a
汏	a
打	i
迚	i
䵣	i
荙	i
荅	i
𨱏	i
𫟼	i
搭	i
撘	i
𢴈	i
𢱕	i
畣	i
瘩	o
褡	o
嗒	o
阘	o
咑	o
跶	o
怛	o
嗲	o
炟	o
㗳	o
𬊉	o
哒	o
亣	o
𤺥	o
答	u
匒	u
笪	u
䐛	u
达	v
鞑	v
靼	v
垯	v
逹	v
耷	v
鿎	v
𮹝	v
𱍂	v
登	a
澄	a
邓	a
凳	a
嬁	a
瞪	i
嶝	i
僜	i
镫	i
灯	o
噔	o
蹬	o
戥	o
簦	u
等	u
磴	v
櫈	v
墱	v
璒	v
沌	a
𮪥	a
钝	i
盹	i
囤	i
撴	i
伅	i
吨	o
蹾	o
惇	o
㥫	o
炖	o
燉	o
撉	o
墪	o
庉	o
獤	u
盾	u
遁	u
遯	u
礅	v
趸	v
𣎴	v
墩	v
墫	v
砘	v
楯	v
洞	a
姛	a
嬞	a
湩	a
𰛒	a
董	i
峒	i
峝	i
岽	i
𬟽	i
𰎏	i
戙	i
侗	i
苳	i
𫢙	i
㑈	i
懂	o
𮷅	o
恫	o
咚	o
冻	o
勭	o
𰇎	o
冬	u
鿴	u
胴	u
胨	u
氡	u
东	v
鸫	v
垌	v
霘	v
墥	v
𪣆	v
硐	v
栋	v
动	v
凼	a
𬍡	a
氹	a
𱲒	a
𰋸	a
党	i
𬠅	i
𫵵	i
嵣	i
𱎟	i
荡	i
菪	i
𰁸	i
铛	i
当	i
挡	i
𫽮	i
裆	o
谠	o
𪠽	o
宕	o
𰐿	o
筜	u
档	v
𣗋	v
垱	v
圵	v
雼	v
砀	v
𱳹	v
珰	v
陡	a
绖	a
阧	a
叠	a
㛒	a
抖	i
蝶	i
蚪	i
疊	i
畳	i
崼	i
螲	i
㲲	i
𫶇	i
蜨	i
峌	i
幉	i
蔸	i
荳	i
钭	i
揲	i
佚	i
鬦	i
鬭	i
侸	i
鬪	i
斗	o
谍	o
跌	o
㬪	o
曡	o
昳	o
唞	o
蹀	o
窦	o
乧	o
惵	o
𥥷	o
𰚦	o
吺	o
痘	o
咥	o
啑	o
喋	o
唗	o
兜	u
鲽	u
饾	u
牒	u
兠	u
爹	u
䏲	u
耋	u
臷	u
瓞	u
迭	u
脰	u
篼	u
㲎	u
豆	v
酘	v
䩞	v
鞢	v
逗	v
枓	v
堞	v
垤	v
戜	v
碟	v
𣘛	v
楪	v
㦶	v
𬰳	v
娷	a
水	a
睡	i
帨	i
谁	o
说	o
税	u
稅	u
绍	a
邵	a
劭	a
卲	a
娋	a
召	a
潲	a
弰	a
捎	i
蛸	i
睄	i
佋	i
苕	i
芍	i
少	i
烧	o
哨	o
焼	o
韶	o
稍	u
勺	u
𠮥	u
艄	u
筲	u
䈰	u
梢	v
柖	v
鞘	v
玿	v
㴓	a
晒	o
筛	u
色	u
酾	v
涉	a
㴇	a
渉	a
赊	a
滠	a
弽	a
舍	i
蛇	i
虵	i
畭	i
𪨶	i
摄	i
拾	i
折	i
摂	i
摵	i
佘	i
畲	i
畬	i
舎	i
歙	i
社	o
䄕	o
设	o
慑	o
慴	o
麝	o
射	u
猞	u
䠶	u
舌	u
奢	v
赦	v
檨	v
厍	v
奓	v
𱂊	v
深	a
渗	a
绅	a
𬳽	a
沈	a
渖	a
㴱	a
婶	a
妽	a
姺	a
㛛	a
娠	a
嫀	a
弞	a
伸	i
申	i
㡎	i
屾	i
峷	i
瞫	i
肾	i
蓡	i
侺	i
葠	i
莘	i
葚	i
𬬹	i
㐰	i
什	i
侁	i
审	o
谌	o
谂	o
神	o
谉	o
诜	o
呻	o
㕥	o
慎	o
宷	o
愼	o
糁	o
籸	o
燊	o
哂	o
瘆	o
身	u
鲹	u
胂	u
矧	u
甡	u
兟	u
脤	u
甚	v
榊	v
堔	v
砷	v
蜃	v
眘	v
昚	v
㰮	v
椹	v
珅	v
棽	v
摔	i
蟀	i
帅	i
率	o
𨄮	o
咰	o
甩	u
陕	a
缮	a
𰬪	a
骟	a
汕	a
赡	a
𱐠	a
姗	a
姍	a
嬗	a
潸	a
澘	a
擅	i
蟮	i
刪	i
山	i
𧎥	i
睒	i
嶦	i
鿃	i
苫	i
芟	i
钐	i
傓	i
䦂	i
䦅	i
僐	i
搧	i
掞	i
挻	i
㣌	i
善	o
扇	o
讪	o
禅	o
𬤂	o
衫	o
闪	o
晱	o
跚	o
煽	o
鄯	o
剡	o
煔	o
炶	o
羴	o
𤇄	o
羶	o
烻	o
敾	o
疝	o
痁	o
颤	o
删	u
鳝	u
鳣	u
𱇞	u
𬶛	u
膳	u
舢	u
彡	u
笘	u
珊	v
杣	v
柵	v
埏	v
赸	v
墡	v
𫮃	v
杉	v
㚒	v
书	a
纾	a
疏	a
隃	a
陎	a
淑	a
疎	a
赎	a
恕	a
𡠟	a
婌	a
姝	a
属	a
漱	a
潄	a
沭	a
澍	a
叔	i
署	i
蜀	i
墅	i
竖	i
蔬	i
薯	i
菽	i
𫉄	i
焂	i
倏	i
倐	i
儵	i
俆	i
𬬸	i
抒	i
摅	i
舒	i
鄃	i
尗	i
毹	i
俞	i
熟	o
裋	o
暑	o
曙	o
糬	o
数	o
孰	o
庻	o
庶	o
癙	o
塾	o
鼠	u
殳	u
腧	u
黍	u
䉤	u
秫	u
树	v
输	v
𨐅	v
束	v
术	v
述	v
橾	v
梳	v
尌	v
殊	v
戍	v
枢	v
琡	v
𰡽	v
始	a
驶	a
𫄟	a
浉	a
旹	a
湿	a
乨	a
湜	a
虱	a
媞	a
姼	a
澨	a
尸	a
溼	a
蝨	a
屎	a
鸤	a
㞔	a
屍	a
使	i
史	i
㕜	i
似	i
睗	i
峕	i
眡	i
峙	i
畤	i
眎	i
莳	i
葹	i
蓍	i
食	i
铈	i
𬬷	i
师	i
势	i
誓	i
逝	i
拭	i
仕	i
侍	i
试	o
诗	o
视	o
识	o
谥	o
冟	o
祏	o
呞	o
襫	o
匙	o
嘘	o
昰	o
时	o
是	o
室	o
实	o
寔	o
宩	o
恃	o
実	o
嗜	o
煶	o
噬	o
咶	o
炻	o
烒	o
市	o
施	o
竍	o
呩	o
十	u
狮	u
鲺	u
蚀	u
𫚕	u
鲥	u
饰	u
氏	u
鼫	u
释	u
釈	u
辻	u
弑	u
卋	u
弒	u
失	u
适	u
舐	u
矢	u
筮	u
䏡	u
笹	u
䄷	u
事	v
轼	v
世	v
贳	v
叓	v
丗	v
䴓	v
士	v
邿	v
螫	v
埘	v
亊	v
埶	v
柿	v
豕	v
乭	v
柹	v
殖	v
式	v
兘	v
示	v
奭	v
枾	v
栻	v
孀	a
骦	a
𫘭	a
漴	a
双	a
𪥫	a
泷	a
灀	a
漺	a
䨇	i
𰁧	i
㕠	o
爽	v
霜	v
鹴	v
塽	v
礵	v
𮭪	v
妁	a
矟	a
铄	i
蒴	i
搠	i
烁	o
哾	o
朔	o
槊	o
硕	v
欶	v
㕞	a
刷	a
唰	o
耍	v
涮	a
拴	i
闩	o
𢩠	o
腨	u
栓	v
𣟴	v
沙	a
纱	a
鲨	a
乷	a
挲	a
裟	a
㲚	a
傻	i
帹	i
莎	i
倽	i
铩	i
𢫬	i
挱	i
儍	i
偞	i
痧	o
唦	o
啥	o
唼	o
喢	o
嗄	o
廈	o
杀	u
煞	u
刹	u
剎	u
歃	u
㰱	u
箑	u
厦	v
霎	v
砂	v
圣	a
绳	a
陞	a
阩	a
渻	a
陹	a
渑	a
湦	a
娍	a
泩	a
省	i
嵊	i
㽒	i
偗	i
苼	i
𰽫	i
晟	o
昇	o
呏	o
焺	o
椉	o
䴤	o
剩	u
狌	u
鼪	u
𬂉	u
𧜜	u
榺	u
胜	u
升	u
甥	u
眚	u
剰	u
乘	u
牲	u
𬸆	u
笙	u
乗	u
生	u
声	v
䎴	v
墭	v
盛	v
殅	v
栍	v
枡	v
珄	v
瞬	i
𥆧	i
蕣	i
吮	o
顺	u
舜	u
橓	v
蜙	i
汤	a
绱	a
尚	i
仩	i
赏	i
裳	i
𫩠	i
伤	i
尙	i
丄	i
上	i
商	o
晌	o
熵	o
觞	u
墒	v
鞝	v
垧	v
埫	v
殇	v
绶	a
収	a
收	a
手	i
㐿	i
售	i
授	i
首	o
守	o
嘼	o
獣	o
兽	o
瘦	o
痩	o
受	u
狩	u
艏	u
寿	v
夀	v
坠	a
缀	a
沝	a
骓	a
缒	a
锥	i
畷	i
隹	i
𮣵	i
揣	i
惴	o
膇	u
甀	u
赘	v
椎	v
醊	v
沼	a
妱	a
巶	a
招	i
罩	i
钊	i
𬬿	i
找	i
照	o
诏	o
肇	o
肈	o
昭	o
曌	o
啅	o
着	o
啁	o
炤	o
嘲	o
旐	o
𡁻	o
朝	u
𬶐	u
兆	u
爪	u
䑲	u
笊	u
赵	v
櫂	v
棹	v
亝	a
摘	i
择	i
㩟	i
债	i
砦	i
宅	o
窄	o
寨	o
斋	o
瘵	o
斎	o
祭	u
粂	u
夈	u
豸	u
䍉	u
厇	v
厏	v
浙	a
淛	a
嫬	a
䵭	i
蔗	i
著	i
锗	i
哲	i
摺	i
蛰	i
蜇	i
晢	i
埑	i
遮	o
褶	o
袩	o
谪	o
褚	o
𫌇	o
晣	o
嗻	o
啫	o
粍	o
鹧	o
䗪	o
戢	o
这	o
者	u
㸞	u
乽	u
啠	u
䇽	u
辙	v
辄	v
𰺋	v
聑	v
喆	v
赭	v
嚞	v
磔	v
詟	v
杔	v
柘	v
纷	a
瀵	a
翂	a
汾	a
𣸣	a
妢	a
份	i
蚡	i
岎	i
帉	i
𪩸	i
芬	i
蕡	i
棻	i
偾	i
粉	o
昐	o
愤	o
粪	o
吩	o
㖹	o
竕	o
氛	u
鲼	u
鼢	u
忿	u
分	u
蚠	u
弅	u
奋	v
𮝷	v
酚	v
坟	v
雰	v
坆	v
豮	v
焚	v
棼	v
拽	i
𢶀	i
跩	o
转	v
泛	a
氾	a
𬙆	a
𬳳	a
贩	a
嬎	a
汎	a
嬏	a
嬔	a
范	i
帆	i
幡	i
畈	i
㠶	i
藩	i
蘩	i
钒	i
𫔍	i
払	i
凣	i
仮	i
烦	o
蹯	o
燔	o
籵	o
旛	o
饭	u
凡	u
犯	u
奿	u
翻	u
飜	u
勫	u
番	u
𬸪	u
返	u
凢	u
反	u
膰	u
繁	u
笲	u
䋣	u
笵	u
籓	u
梵	v
匥	v
墦	v
樊	v
杋	v
棥	v
矾	v
璠	v
妇	a
缚	a
绋	a
驸	a
𫄭	a
绂	a
附	a
洑	a
陚	a
赋	a
涪	a
赙	a
浮	a
滏	a
㳇	a
娐	a
婏	a
妋	a
弗	a
刜	a
弣	a
付	i
幅	i
岪	i
幞	i
蝮	i
𮔅	i
蜉	i
罦	i
蚥	i
蝠	i
佛	i
罘	i
蚨	i
畉	i
芙	i
茀	i
䓛	i
苻	i
茯	i
菔	i
莩	i
莆	i
芾	i
黼	i
芣	i
黻	i
俯	i
𰾟	i
𫓧	i
扶	i
拂	i
𰁾	i
俛	i
拊	i
抙	i
俘	i
捊	i
抚	i
伏	i
姇	i
傅	i
俌	i
伕	i
府	o
福	o
袱	o
襆	o
讣	o
祔	o
祓	o
咈	o
冨	o
褔	o
咐	o
跗	o
趺	o
富	o
乀	o
怫	o
宓	o
㕮	o
炥	o
哹	o
粰	o
烰	o
腐	o
鄜	o
焤	o
癁	o
𤸑	o
呋	o
痡	o
冹	o
复	u
负	u
𫚒	u
鲋	u
服	u
孵	u
凫	u
𫛳	u
鳆	u
匐	u
阜	u
甶	u
峊	u
父	u
孚	u
郛	u
斧	u
腑	u
𫖯	u
釜	u
腹	u
彿	u
艀	u
符	u
氟	u
脯	u
馥	u
箙	u
稃	u
稪	u
肤	u
簠	u
副	v
辅	v
𰺓	v
辐	v
覆	v
甫	v
乶	v
巿	v
郙	v
髴	v
䭮	v
敷	v
柎	v
栿	v
赴	v
坿	v
垺	v
䨗	v
㙏	v
鬴	v
㽬	v
砩	v
桴	v
㬼	v
砆	v
椱	v
夫	v
榑	v
琈	v
𱉎	v
𱋗	v
麸	v
韨	v
玞	v
治	a
纸	a
滍	a
织	a
彘	a
𫄨	a
𮉢	a
𰬫	a
陟	a
骘	a
䧝	a
阤	a
㞢	a
𱀑	a
阯	a
沚	a
汁	a
泜	a
𡛰	a
妷	a
姪	a
娡	a
滞	a
咫	a
指	i
置	i
帜	i
𱛬	i
𧊄	i
蜘	i
蚔	i
崻	i
帙	i
蛭	i
芝	i
芷	i
黹	i
𦭜	i
锧	i
铚	i
𲇽	i
值	i
贽	i
絷	i
劧	i
挚	i
掷	i
伎	i
値	i
摭	i
擿	i
执	i
扺	i
鸷	i
偫	i
傂	i
倁	i
止	i
侄	i
只	o
祁	o
祉	o
禔	o
之	o
祗	o
祇	o
袟	o
𰵧	o
趾	o
踯	o
蹠	o
踬	o
䟡	o
跖	o
晊	o
跱	o
窒	o
忮	o
恉	o
寘	o
呮	o
吱	o
嚔	o
熫	o
痔	o
戠	o
袠	o
痣	o
痓	o
庢	o
廌	o
庤	o
瘈	o
知	u
旨	u
狾	u
帋	u
凪	u
炙	u
夂	u
觯	u
㩼	u
猘	u
鿵	u
直	u
支	u
乿	u
𦀂	u
疐	u
𨙸	u
𤴡	u
膣	u
𢧜	u
𧧬	u
𡌴	u
质	u
脂	u
卮	u
巵	u
胝	u
徵	u
徴	u
肢	u
斦	u
制	u
穉	u
稺	u
稚	u
雉	u
𡈼	u
智	u
𭥍	u
秩	u
秖	u
稙	u
至	v
致	v
郅	v
轵	v
轾	v
臸	v
职	v
郦	v
栉	v
酯	v
志	v
址	v
𠮛	v
墌	v
枳	v
坁	v
埴	v
垁	v
坧	v
枝	v
植	v
榰	v
𬃊	v
𰧉	v
栀	v
梔	v
厔	v
𢧤	v
椥	v
桎	v
梽	v
㯄	v
奘	a
娤	a
焋	a
撞	i
幢	i
荘	i
僮	i
状	o
憧	o
粧	o
壮	o
妆	o
戆	o
装	o
庄	o
庒	o
桩	v
壵	v
覅	v
浊	a
濯	a
缴	a
斲	a
淖	a
浞	a
叕	a
汋	a
娺	a
妰	a
涿	a
捉	i
劅	i
仏	i
茁	i
䓬	i
丵	i
倬	i
镯	i
䦃	i
𰾃	i
拙	i
擢	i
仸	i
卓	i
桌	i
诼	o
禚	o
躅	o
晫	o
灼	o
炪	o
焯	o
烵	o
啄	o
𬸦	o
斵	u
䵵	u
酌	v
梻	v
斮	v
槕	v
棁	v
坲	v
圴	v
斫	v
梲	v
琢	v
琸	v
椓	v
挝	i
抓	i
𰩻	u
髽	v
𭪆	v
赚	a
䌸	a
䧘	a
𰆋	a
孨	a
𰋹	a
撰	i
颛	i
僎	i
传	i
𠧢	i
啭	o
𬤥	o
恮	o
灷	o
篆	u
馔	u
䏝	u
篹	u
䉵	u
籑	u
专	v
専	v
叀	v
𫭞	v
堟	v
砖	v
瑑	v
𰄞	v
法	a
溠	a
発	a
灋	a
姂	a
发	a
渣	a
㳒	a
㞚	a
罚	i
眨	i
䖳	i
蚱	i
甴	i
蜡	i
苲	i
彂	i
剳	i
铡	i
㗬	i
扎	i
紥	i
摣	i
挓	i
搾	i
拃	i
搩	i
揸	i
伐	i
皻	i
𠭯	i
偧	i
垡	i
佱	i
炸	o
诈	o
䄍	o
阀	o
闸	o
哳	o
𠲎	o
咤	o
宱	o
怍	o
咋	o
鲝	o
灹	o
吒	o
煠	o
喳	o
痄	o
乏	u
鲊	u
馇	u
齄	u
齇	u
牐	u
乍	u
筏	u
劄	u
箚	u
札	v
轧	v
紮	v
蚻	v
醡	v
酦	v
醗	v
査	v
栰	v
樝	v
髪	v
榨	v
𫭨	v
查	v
霅	v
砟	v
砝	v
柞	v
碴	v
䃎	v
楂	v
琺	v
珐	v
缝	a
赗	a
沨	a
浲	a
㛔	a
妦	a
沣	a
峰	i
蜂	i
峯	i
崶	i
豊	i
葑	i
僼	i
锋	i
㐽	i
俸	i
酆	i
仹	i
疯	o
讽	o
𫲸	o
烽	o
焨	o
熢	o
𮳠	o
冯	o
唪	o
凤	u
逢	u
蠭	u
䗬	u
㷭	u
㶻	u
风	u
凨	u
凬	u
凮	u
夆	u
䏎	u
丰	v
覂	v
封	v
霻	v
堼	v
枫	v
砜	v
奉	v
费	a
沸	a
绯	a
𬴂	a
陫	a
妃	a
淝	a
婔	a
𢞵	a
飞	a
屝	a
非	i
菲	i
镄	i
俷	i
斐	i
翡	i
婓	i
蜚	i
剕	i
䩁	i
棐	i
奜	i
猆	i
废	o
诽	o
扉	o
啡	o
暃	o
䠊	o
悱	o
吠	o
疿	o
廃	o
㾱	o
𬏦	o
痱	o
肥	u
狒	u
鲱	u
朏	u
腓	u
肺	u
𫂈	u
篚	u
匪	v
霏	v
厞	v
榧	v
杮	v
终	a
刣	a
妐	a
汷	a
妕	a
媑	a
众	i
忠	i
盅	i
蚛	i
蚣	i
眾	i
幒	i
中	i
仲	i
茽	i
㐺	i
钟	i
𲈛	i
锺	i
伀	i
偅	i
衷	o
冢	o
踵	o
忪	o
喠	o
炂	o
煄	o
种	u
螽	u
狆	u
肿	u
乑	u
𠛀	u
舯	u
重	u
穜	u
柊	v
塚	v
堹	v
尰	v
防	a
纺	a
妨	a
仿	i
蚄	i
芳	i
钫	i
𮸐	i
倣	i
方	o
房	o
访	o
昉	o
邡	o
放	o
彷	u
鲂	u
肪	u
舫	u
牥	u
坊	v
匚	v
髣	v
枋	v
堏	v
洲	a
骤	a
绉	a
纣	a
赒	a
妯	a
淍	a
㛩	a
婤	a
㛀	a
妚	a
粥	a
帚	a
昼	a
胄	i
冑	i
荮	i
伷	i
㑇	i
侜	i
㨄	i
僽	i
掫	i
州	o
诌	o
诪	o
咒	o
宙	o
喌	o
㤘	o
呪	o
烐	o
咮	o
𱒦	o
皱	u
週	u
周	u
繇	u
舟	u
鸼	u
肘	u
箒	u
籀	u
缶	u
甃	u
否	v
轴	v
辀	v
酎	v
盩	v
霌	v
雬	v
碡	v
𫛜	v
癸	a
陒	a
妫	a
氿	a
媯	a
姽	a
归	i
贵	i
刿	i
嶲	i
巂	i
眭	i
嶡	i
傀	i
佹	i
帰	i
刽	i
郐	i
跪	o
诡	o
袿	o
闺	o
炅	o
晷	o
宄	o
炔	o
𠱓	o
庋	o
庪	o
廆	o
鬼	u
龟	u
𮬝	u
亀	u
鲑	u
鳜	u
𫚜	u
皈	u
𣪕	u
攰	u
簋	u
筀	u
桂	v
轨	v
桧	v
圭	v
邽	v
垝	v
𱉤	v
㰪	v
硅	v
朹	v
厬	v
柜	v
匦	v
𫰹	v
规	v
瓌	v
昋	v
瑰	v
珪	v
鬶	v
𬃀	v
椝	v
缟	a
搞	i
峼	i
藁	i
镐	i
锆	i
糕	o
诰	o
杲	o
暠	o
羔	o
膏	o
高	o
髙	o
稾	o
槀	o
告	u
睾	u
皐	u
臯	u
皋	u
稿	u
郜	u
勂	u
篙	u
吿	u
筶	u
槁	v
櫜	v
槔	v
橰	v
改	a
溉	a
陔	a
𬮿	a
赅	a
戤	a
漑	a
姟	a
槩	a
钙	i
乢	i
峐	i
畡	i
芥	i
荄	i
侅	i
盖	o
该	o
晐	o
胲	u
匄	u
匃	u
概	v
丐	v
垓	v
杚	v
槪	v
隔	a
纥	a
䧄	a
哿	a
呄	a
滆	a
葛	i
骼	i
蛤	i
虼	i
蛒	i
佮	i
个	i
茖	i
铬	i
镉	i
鿔	i
搁	i
搿	i
挌	i
仡	i
鸽	i
合	i
颌	i
割	o
袼	o
𬤐	o
阁	o
𬮤	o
嗰	o
吤	o
咯	o
嗝	o
疙	o
𠺝	o
胳	u
饹	u
亇	u
匌	u
各	u
觡	u
𱉮	u
𱇪	u
㪾	u
舸	u
肐	u
膈	u
箇	u
哥	v
戈	v
𮝺	v
臵	v
革	v
歌	v
戓	v
鬲	v
圪	v
塥	v
格	v
㦴	v
硌	v
槅	v
艮	a
茛	i
哏	o
跟	o
根	v
亘	v
亙	v
夬	a
叏	a
拐	i
罫	i
掴	i
𢮎	i
㧔	i
怪	o
恠	o
乖	u
柺	v
枴	v
敢	a
绀	a
澉	a
淦	a
㽏	a
漧	a
皯	a
泔	a
擀	i
骭	i
虷	i
䵟	i
苷	i
扞	i
仠	i
佄	i
赣	o
旰	o
忓	o
疳	o
咁	o
凎	o
𫎬	o
肝	u
鳡	u
凲	u
榦	u
乹	u
倝	u
亁	u
竿	u
稈	u
秆	u
𬕂	u
笴	u
感	v
橄	v
甘	v
酐	v
赶	v
桿	v
坩	v
尴	v
矸	v
杆	v
柑	v
干	v
𱉊	v
玕	v
姑	a
淈	a
孤	a
汩	a
䜼	a
沽	a
夃	a
嫴	a
瀔	a
固	i
骨	i
蛊	i
崮	i
崓	i
蛄	i
鹘	i
罟	i
䀦	i
罛	i
菇	i
菰	i
傦	i
蓇	i
苽	i
锢	i
僱	i
钴	i
估	i
雇	o
诂	o
𮸹	o
啒	o
嗗	o
咕	o
唃	o
唂	o
呱	o
羖	o
𦍩	o
痼	o
凅	o
故	u
觚	u
鲴	u
馉	u
谷	u
嘏	u
㒴	u
䀇	u
辜	u
怘	u
古	u
鸪	u
股	u
𦙶	u
箍	u
臌	u
牯	u
鹄	u
牿	u
顾	v
轱	v
𮝴	v
贾	v
榾	v
盬	v
酤	v
巭	v
鼓	v
皷	v
瞽	v
堌	v
鼔	v
糓	v
𣫗	v
穀	v
𪕸	v
𪕷	v
𣪸	v
䐨	v
𣫀	v
毂	v
𧯸	v
榖	v
梏	v
尳	v
𪻕	v
潢	a
洸	a
姯	a
侊	i
茪	i
𰽵	i
光	i
俇	i
僙	i
广	o
咣	o
炚	o
灮	o
広	o
逛	u
犷	u
胱	u
桄	v
𨐈	v
垙	v
珖	v
涡	a
𬇹	a
㶁	a
婐	a
𭚦	a
彉	a
国	i
果	i
囻	i
帼	i
蜾	i
蝈	i
崞	i
囶	i
圀	i
囯	i
菓	i
锅	i
郭	o
叧	o
呙	o
啯	o
馘	o
粿	o
裹	o
猓	u
馃	u
腘	u
虢	u
𢦛	u
聒	v
聝	v
过	v
椁	v
埚	v
墎	v
槨	v
𥕖	v
䆐	v
䯄	a
𮉨	a
𮉤	a
劀	a
括	i
罣	i
冎	i
䒷	i
掛	i
挂	i
寡	o
褂	o
诖	o
𭁹	o
剐	o
𬅥	o
㶽	o
啩	o
刮	u
𠯑	u
瓜	u
胍	u
鸹	u
卦	v
坬	v
栝	v
观	a
贯	a
纶	a
毌	a
灌	a
涫	a
矜	a
丱	a
潅	a
鹳	i
莞	i
蒄	i
雚	i
倌	i
𲈡	i
𰾒	i
掼	i
舘	i
官	o
冠	o
祼	o
𬮦	o
𬦻	o
𰿨	o
惯	o
爟	o
㮡	o
关	o
痯	o
瘝	o
管	u
馆	u
鳏	u
鳤	u
盥	u
罐	u
𰭄	u
筦	u
棺	v
𫐑	v
瓘	v
琯	v
尕	a
伽	i
钆	i
尜	i
噶	o
咖	o
呷	o
𠸏	o
嘠	o
嘎	o
旮	u
玍	u
尬	v
夹	v
戛	v
尲	v
颈	a
绠	a
𬘵	a
𫄠	a
𰬌	a
浭	a
畊	i
𫵼	i
骾	i
峺	i
庚	o
暅	o
𣈶	o
羹	o
焿	o
哽	o
赓	o
鹒	o
鲠	u
㹴	u
梗	v
耿	v
更	v
埂	v
刯	v
𡍷	v
堩	v
𬒔	v
耕	v
滚	a
绲	a
给	a
滾	a
丨	i
䵪	i
衮	o
袞	o
鲧	u
𱇢	u
棍	v
辊	v
磙	v
𥕦	v
弓	a
红	a
供	i
拱	i
宫	o
宮	o
𬊎	o
唝	o
公	u
觥	u
躬	u
躳	u
肱	u
工	v
杛	v
功	v
贡	v
汞	v
䢼	v
恭	v
攻	v
巩	v
𮭥	v
共	v
塨	v
龚	v
厷	v
廾	v
硔	v
𱍁	v
珙	v
栱	v
港	a
纲	a
钢	i
岗	i
刚	i
㽘	i
冈	i
罡	i
𮣲	i
扛	i
㧏	i
𫼱	i
𮭰	i
焹	o
冮	o
缸	u
肛	u
筻	u
杠	v
㭃	v
㭎	v
堽	v
𰉙	v
鿍	v
矼	v
𱣚	v
购	a
缑	a
沟	a
姤	a
媾	a
钩	i
岣	i
㽛	i
蚼	i
苟	i
芶	i
𰽭	i
佝	i
拘	i
搆	i
傋	i
诟	o
煹	o
痀	o
狗	u
勾	u
雊	u
句	u
夠	u
够	u
耇	u
耈	u
耉	u
篝	u
笱	u
构	v
鞲	v
垢	v
彀	v
㝅	v
㜌	v
㨌	v
𦎯	v
𣫌	v
坸	v
𣫃	v
𤚲	v
𣪬	v
𤚼	v
枸	v
觏	v
冓	v
遘	v
𫖕	v
汇	a
绘	a
缋	a
洄	a
芔	a
𰛦	a
溃	a
浍	a
贿	a
翚	a
婎	a
𫝬	a
孈	a
𫰢	a
𫝨	a
潓	a
滙	a
彚	a
回	i
蛔	i
翙	i
廻	i
廽	i
㞧	i
屷	i
囘	i
睢	i
蜖	i
囬	i
逥	i
蟪	i
蚘	i
蛕	i
荟	i
佪	i
儶	i
㑕	i
茴	i
倠	i
蕙	i
蔧	i
辉	i
𬭬	i
挥	i
㧑	i
僡	i
会	i
恢	o
讳	o
喙	o
诲	o
诙	o
𬤝	o
袆	o
𬤭	o
晦	o
哕	o
阓	o
晖	o
暳	o
悔	o
𠯠	o
憓	o
寭	o
烩	o
𪸩	o
燬	o
烠	o
烣	o
麾	o
痐	o
咴	o
嘒	o
嚖	o
毁	u
𫚔	u
灳	u
毀	u
卉	u
徽	u
徊	u
幑	u
𱈑	u
秽	u
篲	u
灰	v
惠	v
恵	v
㰥	v
恚	v
虺	v
㱮	v
𫖃	v
硊	v
豗	v
慧	v
彗	v
橞	v
珲	v
槥	v
璤	v
浩	a
乚	a
㝀	a
𡥃	a
濠	a
灏	a
淏	a
滈	a
澔	a
好	a
蒿	i
蚝	i
蠔	i
薅	i
傐	i
儫	i
侴	i
号	o
昊	o
嚆	o
晧	o
颢	o
嚎	o
呺	o
嗥	o
嘷	o
噑	o
哠	o
毫	o
鄗	o
竓	o
豪	o
皓	u
獋	u
狢	u
皞	u
皜	u
貉	u
䜰	u
耗	v
郝	v
壕	v
夰	v
海	a
骇	a
孩	a
𥁐	a
㰧	a
妎	a
骸	i
害	o
嗨	o
咍	o
咳	o
嗐	o
㤥	o
烸	o
亥	o
㐪	o
嚡	o
氦	u
醢	v
还	v
河	a
涸	a
渴	a
翯	a
贺	a
姀	a
何	i
峆	i
荷	i
菏	i
蠚	i
佫	i
盒	i
郃	i
龁	i
欱	i
龢	i
壑	i
喝	o
鹤	o
褐	o
𰵝	o
隺	o
诃	o
嗬	o
阂	o
曷	o
鹖	o
阖	o
哬	o
愒	o
寉	o
嗃	o
熇	o
喛	o
咊	o
啝	o
煂	o
爀	o
焃	o
熆	o
呵	o
劾	o
吓	o
禾	u
饸	u
猲	u
䶅	u
盉	u
和	u
䅂	u
核	v
𬌗	v
鞨	v
覈	v
赫	v
翮	v
盍	v
垎	v
䞦	v
𬸰	v
㰤	v
𬅢	v
盇	v
佷	i
恨	o
𬣳	o
痕	o
狠	u
很	u
淮	a
怀	o
踝	o
懐	o
槐	v
壊	v
坏	v
汗	a
涵	a
汉	a
函	a
凾	a
浛	a
圅	a
瀚	a
娢	a
鿰	a
嫨	a
憨	a
含	i
蚶	i
崡	i
睅	i
屽	i
菡	i
莟	i
蔊	i
颔	i
𬭍	i
𬬧	i
撼	i
撖	i
捍	i
傼	i
喊	o
罕	o
旱	o
阚	o
晗	o
𰈓	o
唅	o
暵	o
闬	o
寒	o
㘎	o
哻	o
悍	o
憾	o
焊	o
焓	o
熯	o
韩	u
犴	u
𤞶	u
猂	u
𫠐	u
鼾	u
翰	u
谽	u
𧮰	u
酣	v
邯	v
垾	v
厈	v
㰹	v
顸	v
邗	v
琀	v
湖	a
滹	a
沪	a
浒	a
戏	a
淴	a
沕	a
嫭	a
婟	a
媩	a
嫮	a
弧	a
沍	a
鍙	a
弖	a
护	i
蝴	i
囫	i
岵	i
𭘓	i
葫	i
芴	i
俿	i
抇	i
搰	i
擭	i
𢪏	i
㧾	i
虎	i
虖	i
歑	i
虍	i
戯	i
户	o
扈	o
𬤙	o
帍	o
戽	o
祜	o
许	o
唬	o
昈	o
昒	o
嘑	o
惚	o
寣	o
怙	o
𰴣	o
呼	o
唿	o
𪠸	o
嘝	o
熩	o
糊	o
煳	o
烀	o
䊀	o
焀	o
冱	o
頀	o
喖	o
冴	o
乎	u
忽	u
鹱	u
鳠	u
𩾇	u
斛	u
曶	u
狐	u
㺀	u
猢	u
𫗫	u
鹕	u
乯	u
胡	u
乕	u
戶	u
衚	u
𠂰	u
笏	u
互	v
轷	v
戸	v
醐	v
楛	v
壶	v
鄠	v
縠	v
𣹬	v
𧏚	v
壷	v
𣪛	v
𧎅	v
𰚈	v
嗀	v
㷤	v
觳	v
㱿	v
𣪊	v
𣪳	v
𣫅	v
䨚	v
垀	v
雽	v
𣫈	v
𧹲	v
㺉	v
槲	v
匢	v
匫	v
瓠	v
瑚	v
枑	v
琥	v
䨼	v
隍	a
滉	a
湟	a
媓	a
荒	i
幌	i
蝗	i
崲	i
蟥	i
锽	i
𲈒	i
𨱑	i
㨪	i
偟	i
慌	o
谎	o
晃	o
晄	o
惶	o
恍	o
怳	o
愰	o
宺	o
噷	o
煌	o
喤	o
炾	o
熀	o
𤆓	o
肓	o
朚	o
巟	o
韹	o
癀	o
皇	u
凰	u
鳇	u
𫗮	u
遑	u
㿠	u
皝	u
徨	u
艎	u
簧	u
篁	u
磺	v
黃	v
黄	v
榥	v
塃	v
堭	v
墴	v
𪏙	v
奛	v
璜	v
瑝	v
活	a
𬴃	a
濩	a
漷	a
姡	a
彟	a
获	i
夥	i
㘞	i
蠖	i
眓	i
藿	i
劐	i
蒦	i
伙	i
镬	i
钬	i
锪	i
货	i
攉	i
佸	i
俰	i
火	o
祸	o
嚄	o
嚿	o
豁	o
吙	o
㸌	o
㕷	o
嚯	o
咟	o
𮬟	u
雘	u
㺢	u
𦞦	u
臛	u
霍	v
㦯	v
惑	v
靃	v
或	v
𫯥	v
耠	v
剨	v
滑	a
骅	a
婳	a
𫰡	a
畵	a
化	i
崋	i
花	i
芲	i
铧	i
华	i
搳	i
哗	o
𲂊	o
话	o
糀	o
猾	u
觟	u
𮬡	u
舙	u
划	v
画	v
椛	v
㓰	v
桦	v
埖	v
硴	v
砉	v
缓	a
幻	a
巜	a
缳	a
𬴐	a
𬘫	a
漶	a
澴	a
欢	a
㕕	a
浣	a
涣	a
渙	a
嬛	a
孉	a
澣	a
洹	a
患	i
圜	i
睆	i
鹮	i
嵈	i
峘	i
睘	i
萑	i
荁	i
锾	i
镮	i
擐	i
換	i
换	i
唤	o
𬤰	o
㬊	o
阛	o
嚾	o
晥	o
宦	o
寰	o
懽	o
逭	o
𡨡	o
寏	o
焕	o
喚	o
煥	o
豢	o
痪	o
瘓	o
奂	u
獾	u
郇	u
奐	u
鲩	u
烉	u
貆	u
貛	u
歓	u
𮝹	v
鬟	v
垸	v
𪣒	v
䝔	v
环	v
桓	v
𤩽	v
虾	i
虲	i
铪	i
哈	o
𨉣	u
奤	v
姮	a
蘅	i
哼	o
恒	o
恆	o
烆	o
亨	o
啈	o
衡	u
脝	u
鸻	u
行	u
珩	v
桁	v
橫	v
横	v
混	a
溷	a
浑	a
婚	a
婫	a
昬	a
焄	a
荤	i
圂	i
𪑅	i
慁	i
黒	i
黑	i
㱄	i
𬭶	i
倱	i
俒	i
嘿	o
诨	o
阍	o
惛	o
㥵	o
焝	o
昏	u
馄	u
䎜	u
魂	v
碈	v
棔	v
䰟	v
洪	a
泓	a
纮	a
𦐌	a
浤	a
妅	a
娂	a
鸿	a
弘	a
𭱊	a
彋	a
虹	i
屸	i
𫶕	i
薨	i
荭	i
葓	i
蕻	i
𫟹	i
𬭎	i
𮣳	i
揈	i
鬨	i
仜	i
宏	o
讧	o
闳	o
𬮢	o
黉	o
宖	o
烘	o
焢	o
吽	o
灴	o
哄	o
叿	o
吰	o
竑	o
呍	o
訇	u
𫚉	u
谼	u
轰	v
𮷛	v
霐	v
霟	v
䨎	v
翃	v
玒	v
沆	a
绗	a
妔	a
蚢	i
吭	o
䣈	o
颃	o
迒	o
亢	o
㰠	o
航	u
䘕	u
杭	v
巷	v
䂫	v
候	i
侯	i
睺	i
帿	i
骺	i
𬭤	i
喉	o
吼	o
鲎	o
糇	o
瘊	o
猴	u
鲘	u
犼	u
𫗯	u
齁	u
逅	u
郈	u
后	u
垕	u
篌	u
厚	v
堠	v
㰯	v
㰻	v
尽	a
浸	a
𫄛	a
津	a
缙	a
堻	a
浕	a
卺	a
巹	a
劲	a
赆	a
妗	a
𮱁	a
𫰰	a
嫤	a
溍	a
𰷧	a
漌	a
𭴘	a
金	i
仅	i
巾	i
侭	i
嶜	i
紧	i
荩	i
𫰐	i
菫	i
蓳	i
今	i
锦	i
𬬱	i
搢	i
伒	i
𬺔	i
僸	i
谨	o
襟	o
祲	o
衿	o
𫩺	o
唫	o
寖	o
烬	o
煡	o
噤	o
廑	o
凚	o
近	u
馑	u
觔	u
凧	u
斤	u
劤	u
筋	u
禁	v
晉	v
兓	v
晋	v
𦂳	v
𦃂	v
觐	v
堇	v
靳	v
歏	v
墐	v
埐	v
殣	v
厪	v
瑾	v
珒	v
槿	v
进	v
㱈	v
琎	v
瑨	v
潮	a
巢	a
勦	a
𠞰	a
绰	a
剿	a
欩	a
弨	a
抄	i
巐	i
仯	i
仦	i
钞	i
摷	i
炒	o
吵	o
鼌	o
晁	o
𠳕	o
怊	o
巣	o
劋	o
𬊂	o
耖	v
超	v
𪎊	v
𱋢	v
绝	a
𫘝	a
決	a
孓	a
孒	a
妜	a
㵐	a
刔	a
彏	a
𪨗	a
𱉔	a
弡	a
倔	i
崛	i
𨟠	i
崫	i
矍	i
蠼	i
蠷	i
嶥	i
蕨	i
亅	i
芵	i
茝	i
钗	i
傕	i
𫔎	i
䦆	i
镢	i
侪	i
掘	i
抉	i
𪮖	i
攫	i
撅	i
柴	i
觉	o
诀	o
谲	o
吷	o
蹶	o
𫏋	o
噱	o
喍	o
啳	o
焳	o
熦	o
嚼	o
爝	o
噘	o
决	o
㾹	o
角	u
獗	u
觖	u
𫛞	u
玃	u
觼	u
爵	u
豺	u
腳	u
脚	u
厥	v
虿	v
䜺	v
瑴	v
桷	v
砄	v
䂘	v
劂	v
蹷	v
橜	v
橛	v
玦	v
珏	v
玨	v
澈	a
尺	a
撤	i
扯	i
偖	i
焎	i
烲	i
撦	i
伡	i
迠	i
㬚	o
呫	o
𠳏	o
烢	o
𪠳	o
彻	u
勶	u
掣	u
坼	v
车	v
摰	v
砗	v
沉	a
𬘭	a
陈	a
尘	i
瞋	i
𮭦	i
𬱣	i
𫈟	i
𠋆	i
抻	i
捵	i
龀	i
侲	i
晨	o
衬	o
谶	o
𰵒	o
趻	o
踸	o
忱	o
宸	o
愖	o
𰈍	o
嗔	o
煁	o
疢	o
𠱸	o
称	u
䐜	u
臣	v
梣	v
夦	v
趁	v
𫮅	v
霃	v
趂	v
榇	v
辰	v
碜	v
䣅	v
硶	v
琛	v
郴	v
桭	v
泾	a
经	a
阱	a
刭	a
迳	a
𢀖	a
婧	a
浄	a
淨	a
婛	a
婙	a
妌	a
弪	a
汫	a
瀞	a
𪷍	a
濪	a
警	i
睛	i
𠇹	i
幜	i
敬	i
茎	i
荆	i
儆	i
仱	i
菁	i
荊	i
镜	i
倞	i
傹	i
竟	o
𲂍	o
景	o
晶	o
暻	o
惊	o
憬	o
穽	o
宑	o
精	o
粳	o
京	o
痉	o
亰	o
竞	o
麖	o
竸	o
净	o
竫	o
凈	o
旌	o
靖	o
径	u
鲸	u
胫	u
猄	u
獍	u
鼱	u
兢	u
𠳬	u
坕	u
箐	u
秔	u
腈	u
稉	u
肼	u
静	v
坙	v
聙	v
境	v
㣏	v
殑	v
井	v
汬	v
靓	v
璥	v
璟	v
䴖	v
靘	v
靜	v
坓	v
缠	a
潺	a
骣	a
澶	a
浐	a
瀍	a
婵	a
羼	a
蝉	i
𢌚	i
辿	i
𪩷	i
𡶴	i
蟾	i
巉	i
幨	i
僝	i
丳	i
蒇	i
苂	i
铲	i
镵	i
𮣴	i
镡	i
搀	i
儳	i
觇	i
㤐	i
谄	o
裧	o
谗	o
襜	o
阐	o
旵	o
躔	o
忏	o
啴	o
懴	o
冁	o
嚵	o
煘	o
廛	o
𱐙	o
产	o
產	o
馋	u
劖	u
毚	u
𤎥	u
㰫	u
刬	v
韂	v
壥	v
梴	v
欃	v
㕓	v
除	a
绌	a
滁	a
䢺	a
出	a
欪	a
滀	a
𡝈	a
濋	a
储	i
黜	i
蜍	i
岀	i
幮	i
歜	i
㡡	i
俶	i
𫇴	i
锄	i
𬬺	i
傗	i
搐	i
摴	i
𬺓	i
䖏	i
𱌮	i
儊	i
初	o
𰵴	o
躇	o
躕	o
跦	o
蹰	o
怵	o
憷	o
畜	o
廚	o
处	u
触	u
刍	u
雏	u
𬸅	u
処	u
矗	u
䝙	u
斶	u
篨	u
厨	v
柷	v
埱	v
墸	v
櫥	v
础	v
豖	v
楮	v
杵	v
㕑	v
楚	v
亍	v
耡	v
樗	v
橱	v
既	a
级	a
乁	a
纪	a
骥	a
畿	a
继	a
缉	a
绩	a
骑	a
彑	a
际	a
瀱	a
亟	a
𬯀	a
潗	a
济	a
鸡	a
済	a
激	a
汲	a
㴔	a
漈	a
洎	a
嫉	a
妓	a
姬	a
姞	a
己	a
妀	a
即	a
㞋	a
忌	a
暨	a
屐	a
𬶨	a
𱉽	a
彐	a
丮	a
堲	a
塈	a
技	i
畸	i
㚻	i
觊	i
峜	i
嵴	i
嶯	i
岌	i
虮	i
𥄫	i
岋	i
羁	i
帺	i
羇	i
罽	i
藉	i
蒺	i
荠	i
蕺	i
蓟	i
芨	i
芰	i
䓫	i
集	i
偈	i
雦	i
亽	i
𫓯	i
𫓹	i
偮	i
挤	i
伋	i
尐	i
掎	i
冀	i
乩	i
佶	i
茍	i
亼	i
记	o
计	o
吇	o
讥	o
𥘌	o
㧀	o
诘	o
唧	o
𫌀	o
跻	o
跽	o
蹐	o
跡	o
踖	o
𲃫	o
寄	o
寂	o
㗊	o
悸	o
忣	o
哜	o
叽	o
屰	o
喞	o
嗘	o
兾	o
疾	o
𬹳	o
剂	o
剤	o
唶	o
齑	o
迹	o
咭	o
𱌗	o
瘠	o
脊	o
麂	o
鹡	o
齐	o
庴	o
几	u
及	u
鲫	u
鱾	u
系	u
急	u
鲚	u
饥	u
𬶭	u
觭	u
卽	u
曁	u
墍	u
旣	u
戟	u
赍	u
雞	u
肌	u
彶	u
徛	u
积	u
季	u
㔕	u
穊	u
稷	u
嵆	u
刉	u
刏	u
笈	u
穄	u
㰟	u
籍	u
箕	u
嵇	u
犄	u
稽	u
笄	u
𱶌	u
机	v
辑	v
檵	v
旡	v
基	v
惎	v
期	v
𩉜	v
其	v
卙	v
朞	v
棘	v
墼	v
髻	v
吉	v
叝	v
瞉	v
霁	v
塉	v
霵	v
圾	v
𠫳	v
垍	v
楫	v
檝	v
极	v
殛	v
剞	v
丌	v
矶	v
奇	v
㚡	v
击	v
𪟝	v
玑	v
枅	v
耤	v
坖	v
江	a
缰	a
绛	a
降	a
洚	a
疆	a
弜	a
強	a
勥	a
强	a
弶	a
犟	a
彊	a
蒋	i
嵹	i
畕	i
疅	i
茳	i
僵	i
讲	o
栄	o
姜	o
糨	o
糡	o
奖	o
浆	o
螀	o
将	o
桨	o
酱	o
醤	o
奨	o
鳉	u
膙	u
匠	v
韁	v
畺	v
豇	v
塂	v
壃	v
礓	v
殭	v
耩	v
匞	v
橿	v
建	a
溅	a
𬘖	a
缣	a
缄	a
𣴓	a
艰	a
涧	a
瀽	a
湔	a
贱	a
奸	a
姦	a
姧	a
媊	a
渐	a
彅	a
減	a
浅	a
见	i
健	i
囝	i
睑	i
𬑗	i
𰏕	i
黚	i
黬	i
坚	i
监	i
茧	i
鉴	i
菅	i
蒹	i
荐	i
㦰	i
倹	i
俭	i
键	i
𰾫	i
锏	i
傔	i
件	i
捡	i
搛	i
揃	i
尖	i
拣	i
剑	i
僭	i
剱	i
剣	i
𫠗	i
牮	i
僣	i
减	o
肩	o
裥	o
谫	o
𫍿	o
谏	o
𬣡	o
践	o
踺	o
间	o
𫔮	o
趼	o
暕	o
謇	o
寋	o
弿	o
蹇	o
兼	o
剪	o
翦	o
𰞤	o
煎	o
鹣	o
熸	o
冿	o
简	u
饯	u
鲣	u
𫊱	u
鳒	u
腱	u
𦟌	u
舰	u
𮶙	u
箭	u
毽	u
犍	u
笕	u
𭄛	u
篯	u
笺	u
检	v
楗	v
臶	v
戩	v
柬	v
枧	v
鞬	v
槛	v
㭴	v
鞯	v
鍳	v
櫼	v
鬋	v
戬	v
検	v
囏	v
靬	v
椾	v
堿	v
歼	v
䌠	v
硷	v
𰧃	v
碱	v
戋	v
䵤	v
瑊	v
㦮	v
幵	v
骄	a
糸	a
绞	a
滘	a
娇	a
㚣	a
嫶	a
姣	a
漖	a
嬓	a
孂	a
湫	a
浇	a
焦	i
蛟	i
嵺	i
𥃤	i
𥃧	i
嶕	i
嶣	i
峧	i
峤	i
蕉	i
茭	i
僬	i
艽	i
藠	i
佼	i
铰	i
燞	i
鹪	i
搅	i
儌	i
挢	i
侥	i
交	o
叫	o
跤	o
噍	o
嘂	o
恔	o
呌	o
窖	o
窌	o
燋	o
噭	o
烄	o
煍	o
嘦	o
郊	o
䴔	o
教	u
饺	u
狡	u
鲛	u
皎	u
臫	u
敫	u
㰾	u
皦	u
皭	u
胶	u
敎	u
徼	u
筊	u
矫	u
较	v
轿	v
𫐖	v
椒	v
醮	v
酵	v
校	v
礁	v
璬	v
斠	v
珓	v
居	a
驹	a
沮	a
湨	a
澽	a
泃	a
婮	a
婅	a
娵	a
姖	a
剧	a
局	a
屦	a
凥	a
据	i
具	i
崌	i
雎	i
岨	i
罝	i
䀠	i
瞿	i
僪	i
䴗	i
㽤	i
眗	i
倨	i
岠	i
巈	i
狊	i
侷	i
且	i
俱	i
菹	i
倶	i
苴	i
莒	i
蒟	i
菊	i
苣	i
锯	i
锔	i
𮣷	i
钜	i
拒	i
挶	i
㨿	i
掬	i
拠	i
遽	i
勮	i
龃	i
虡	i
豦	i
举	o
讵	o
裾	o
袓	o
𧜎	o
襷	o
冣	o
啹	o
距	o
踞	o
咀	o
跼	o
踽	o
跔	o
惧	o
挙	o
窭	o
𪧘	o
炬	o
焗	o
粔	o
疽	o
狙	u
飓	u
匊	u
𬶋	u
腒	u
𦥑	u
擧	u
矩	u
犋	u
簴	u
筥	u
榘	u
秬	u
巨	v
橘	v
乬	v
巪	v
椐	v
梮	v
聚	v
椇	v
𥇛	v
醵	v
㪺	v
鞠	v
鞫	v
埾	v
榉	v
趄	v
埧	v
壉	v
弆	v
砠	v
欅	v
桔	v
琚	v
酒	a
纠	a
乣	a
𫄙	a
丩	a
乆	a
奺	a
旧	i
㠇	i
韮	i
僦	i
揪	i
倃	i
捄	i
韭	i
㲃	i
究	o
阄	o
啾	o
疚	o
廐	o
廄	o
鹫	o
廏	o
就	o
九	u
灸	u
匓	u
𠣿	u
咎	u
久	u
鸠	u
勼	u
舅	u
䊆	u
臼	u
救	v
樛	v
朻	v
鬏	v
匶	v
赳	v
厩	v
匛	v
杦	v
桕	v
玖	v
柾	v
柩	v
绢	a
涓	a
淃	a
娟	a
姢	a
捐	i
圈	i
睊	i
罥	i
睠	i
倦	i
隽	i
镌	i
雋	i
𰾹	i
锩	i
𫓶	i
眷	o
呟	o
悁	o
鹃	o
勌	o
卷	o
劵	o
勬	o
巻	o
蠲	o
帣	o
焆	o
桊	o
狷	u
朘	u
獧	u
𩠉	u
腃	u
𢍏	u
鄄	v
埍	v
埢	v
梋	v
奆	v
架	a
泇	a
斚	a
驾	a
婽	a
乫	a
嫁	a
迦	a
加	a
袈	a
毠	a
浃	a
叚	a
假	i
甲	i
岬	i
帢	i
幏	i
蛱	i
价	i
茄	i
葭	i
荚	i
钾	i
镓	i
铗	i
挟	i
拮	i
佳	i
価	i
家	o
袷	o
㗎	o
𬡒	o
跏	o
跲	o
斝	o
𠺢	o
宊	o
痂	o
瘕	o
䴥	o
𰇕	o
胛	u
㹢	u
𰠛	u
鿼	u
稼	u
笳	u
枷	v
嘉	v
郏	v
圿	v
颊	v
𰉥	v
颉	v
豭	v
戞	v
珈	v
槚	v
恝	v
𬂩	v
榎	v
承	a
骋	a
𫘯	a
丞	a
澂	a
氶	a
阷	a
撑	i
瞠	i
蛏	i
畻	i
峸	i
𡷫	i
铖	i
𲈜	i
牚	i
侱	i
抢	i
撐	i
偁	i
呈	o
诚	o
裎	o
𨅝	o
宬	o
憕	o
䆵	o
逞	o
𫢃	o
庱	o
塍	u
𣎒	u
惩	u
程	u
罉	u
𦉘	u
秤	u
筬	u
城	v
橙	v
柽	v
酲	v
樘	v
埕	v
𫎭	v
赪	v
堘	v
埩	v
塖	v
郕	v
成	v
枨	v
琤	v
朾	v
靗	v
珵	v
珹	v
纯	a
骏	a
浚	a
濬	a
陖	a
陙	a
淳	a
湻	a
䞐	a
姰	a
媋	a
君	a
郡	a
漘	a
𫖳	a
俊	i
峻	i
畯	i
㽙	i
蚐	i
蝽	i
菌	i
莼	i
莙	i
葰	i
儁	i
㑺	i
芚	i
钧	i
捃	i
攟	i
𢹲	i
偆	i
军	o
皲	o
晙	o
寯	o
焌	o
呁	o
竣	o
麕	o
㝇	o
鹑	o
麇	o
鲪	u
馂	u
䲠	u
䐃	u
𢧨	u
𢨎	u
𢨣	u
𢧭	u
朐	u
筠	u
肫	u
春	v
𮝸	v
旾	v
醇	v
醕	v
堾	v
埈	v
均	v
唇	v
碅	v
脣	v
蠢	v
珺	v
𢨢	v
𢧬	v
膥	v
惷	v
椿	v
𢧸	v
瑃	v
泂	a
䌹	a
𬳶	a
迥	i
冏	i
冂	i
冋	i
囧	i
侰	i
僒	i
窘	o
扃	o
煚	o
炯	o
烱	o
颎	u
逈	u
坰	v
褧	v
埛	v
娼	a
淌	a
䞎	a
嫦	a
常	i
畅	i
𪽈	i
偿	i
菖	i
倘	i
𱏐	i
僘	i
苌	i
尝	i
倡	i
锠	i
敞	i
氅	i
𬬮	i
甞	i
伥	i
仧	i
唱	o
昶	o
昌	o
阊	o
晿	o
𰈇	o
怅	o
惝	o
焻	o
肠	u
猖	u
鲿	u
䲝	u
鲳	u
鬯	u
𠚍	u
徜	u
兏	u
长	u
场	v
镸	v
椙	v
厂	v
厰	v
玚	v
𮧴	v
姐	a
结	a
毑	a
阶	a
岊	a
卩	a
卪	a
孑	a
婕	a
媫	a
嫅	a
媎	a
媘	a
洁	a
湝	a
届	a
屆	a
节	i
界	i
蚧	i
𮔂	i
𠝹	i
骱	i
岕	i
巀	i
畍	i
嵑	i
嵥	i
嶻	i
睫	i
崨	i
蜐	i
偼	i
𬭴	i
介	i
傑	i
㨗	i
揭	i
掲	i
接	i
捷	i
借	i
倢	i
龰	i
竭	o
诫	o
褯	o
袺	o
讦	o
嗟	o
悈	o
寁	o
羯	o
兯	o
喼	o
𡁶	o
煯	o
疥	o
疖	o
喈	o
庎	o
痎	o
解	u
桀	u
觧	u
鲒	u
截	u
街	u
丯	u
秸	u
稭	u
杰	v
皆	v
疌	v
劫	v
劼	v
刧	v
刼	v
楬	v
堺	v
刦	v
堦	v
椄	v
檞	v
榤	v
桝	v
碣	v
戒	v
楷	v
絜	v
㛃	v
玠	v
杢	v
骙	a
隗	a
戣	a
媿	a
葵	i
睽	i
岿	i
巙	i
蝰	i
蒉	i
揆	i
欳	i
愧	o
䙌	o
喟	o
暌	o
𪡞	o
跬	o
𬮭	o
窥	o
愦	o
悝	o
夔	o
煃	o
喹	o
魁	u
馈	u
馗	u
𫠆	u
篑	u
奎	v
匮	v
聩	v
逵	v
刲	v
㙓	v
盔	v
櫆	v
磈	v
尯	v
亏	v
尻	a
洘	a
拷	i
嵪	i
铐	i
烤	o
㸆	o
焅	o
考	u
犒	u
靠	u
𥬯	u
栲	v
攷	v
丂	v
凯	i
剀	i
幆	i
蒈	i
铠	i
锎	i
锴	i
揩	i
慨	o
嘅	o
闿	o
𫔭	o
忾	o
恺	o
炌	o
炏	o
烗	o
欬	o
勓	v
垲	v
欯	v
奒	v
开	v
缂	a
骒	a
牁	a
渇	a
㵣	a
娔	a
溘	a
颗	i
瞌	i
髁	i
嶱	i
蝌	i
𪽇	i
嵙	i
岢	i
蚵	i
苛	i
锞	i
钶	i
搕	i
揢	i
𮯙	i
客	o
课	o
窠	o
喀	o
愙	o
恪	o
炣	o
刻	o
痾	o
嗑	o
颏	o
疴	o
科	u
㤩	u
尅	u
勀	u
勊	u
克	u
稞	u
氪	u
壳	v
轲	v
棵	v
歁	v
匼	v
坷	v
堁	v
可	v
𰚉	v
殼	v
磕	v
砢	v
柯	v
榼	v
珂	v
恳	a
垦	a
龈	i
掯	i
肯	i
啃	o
裉	o
褃	o
肎	o
硍	v
侩	i
蒯	i
㧟	i
哙	o
快	o
𰏶	o
筷	u
狯	u
鲙	u
脍	u
块	v
凷	v
凵	a
侃	i
瞰	i
崁	i
嵁	i
嵌	i
莰	i
偘	i
看	i
龛	i
冚	o
衎	u
欿	u
堪	v
𫐘	v
勘	v
戡	v
坎	v
埳	v
塪	v
墈	v
砍	v
磡	v
𱂱	v
刊	v
栞	v
绔	a
苦	i
骷	i
圐	i
俈	i
库	o
裤	o
袴	o
㗄	o
窟	o
喾	o
哭	o
䵈	u
酷	v
堀	v
㲄	v
𣪝	v
𣫓	v
𫜕	v
𱋞	v
枯	v
刳	v
矻	v
纩	a
𬘢	a
贶	a
況	a
洭	a
眶	i
岲	i
𰽚	i
𠆲	i
㑌	i
卝	i
旷	o
诳	o
诓	o
昿	o
恇	o
邝	o
况	o
哐	o
狂	u
𫛭	u
筐	u
框	v
匩	v
圹	v
矿	v
砿	v
夼	v
匡	v
劻	v
蛞	i
𢬸	i
拡	i
扩	i
阔	o
噋	o
廓	o
𨓈	u
筈	u
籗	u
鞟	v
鞹	v
霩	v
姱	a
挎	i
侉	i
跨	o
咵	o
胯	u
垮	v
夸	v
髋	i
窾	o
宽	o
欵	u
款	v
梡	v
佧	i
峠	i
擖	i
卡	i
裃	o
咔	o
呿	o
胩	u
衉	u
垰	v
桛	v
㮟	v
阬	a
铿	i
劥	o
硁	v
坈	v
坑	v
𬒎	v
㰢	v
捆	i
崑	i
䖵	i
崐	i
𫷅	i
困	i
锟	i
昆	o
裈	o
裩	o
𱉱	o
阃	o
鹍	o
悃	o
焜	o
熴	o
㒭	o
堃	o
鲲	u
剋	u
坤	v
髡	v
梱	v
醌	v
髠	v
壸	v
硱	v
琨	v
孔	a
控	i
崆	i
倥	i
悾	o
空	o
𤆺	o
箜	u
恐	v
鞚	v
埪	v
硿	v
嫝	a
囥	i
嵻	i
伉	i
钪	i
抗	i
康	o
闶	o
慷	o
忼	o
糠	o
炕	o
粇	o
㱂	o
𩾌	u
穅	u
𡐓	v
槺	v
匟	v
𫸩	a
扣	i
眍	i
蔻	i
芤	i
𬬪	i
抠	i
叩	o
𭁵	o
冦	o
寇	o
口	o
𡨥	o
宼	o
筘	u
敂	u
劶	u
簆	u
𬆮	v
䍍	v
𠛅	v
淋	a
𬴊	a
隣	a
潾	a
厸	a
临	i
嶙	i
瞵	i
疄	i
崊	i
蔺	i
菻	i
邻	i
𬭸	i
僯	i
拎	i
赁	i
麟	o
冧	o
躏	o
𫔴	o
懔	o
懍	o
悋	o
恡	o
㝝	o
粼	o
翷	o
亃	o
遴	o
燐	o
粦	o
凛	o
㐭	o
吝	o
廪	o
麐	o
凜	o
廩	o
啉	o
鳞	u
膦	u
箖	u
琳	v
辚	v
霖	v
檩	v
檁	v
壣	v
磷	v
璘	v
林	v
姥	a
络	a
涝	a
嫪	a
潦	a
劳	i
崂	i
𮔚	i
蛯	i
落	i
𫢬	i
荖	i
铑	i
铹	i
捞	i
佬	i
㧯	i
牢	o
唠	o
労	o
哰	o
烙	o
咾	o
痨	o
乐	u
䜮	u
嗠	u
老	u
耂	u
𱸇	u
䇭	u
酪	v
醪	v
𫭼	v
鿲	v
栳	v
硓	v
耢	v
濑	a
𫝫	a
涞	a
略	i
睐	i
圙	i
畧	i
崃	i
𫵷	i
莱	i
锊	i
铼	i
掠	i
俫	i
癞	o
𠼟	o
𫪁	o
𫷬	o
籁	u
寽	u
徕	u
𫇘	u
赖	v
赉	v
𱉵	v
来	v
㚓	v
梾	v
㗉	v
䂮	v
泐	a
阞	a
了	a
仂	i
艻	i
嘞	o
叻	o
肋	u
鳓	u
楽	u
簕	u
勒	v
砳	v
玏	v
灵	a
绫	a
陵	a
䧙	a
阾	a
泠	a
𨹧	a
姈	a
婈	a
澪	a
淩	a
㚑	a
令	i
岭	i
蛉	i
囹	i
岺	i
𱜇	i
崚	i
菱	i
蔆	i
䔖	i
苓	i
伶	i
蘦	i
铃	i
翎	i
刢	i
鸰	i
瓴	i
𨱋	i
领	i
掕	i
龄	i
齢	i
倰	i
另	o
祾	o
裬	o
呤	o
昤	o
〇	o
𠱠	o
㥄	o
羚	o
炩	o
凌	o
㖫	o
鲮	u
𠗲	u
𣎎	u
舲	u
笭	u
䈊	u
零	v
棂	v
𫐉	v
聆	v
柃	v
醽	v
酃	v
霛	v
霗	v
孁	v
坽	v
㪮	v
霝	v
䨩	v
夌	v
霊	v
砱	v
㱥	v
玲	v
琌	v
棱	v
櫺	v
滥	a
缆	a
𰜐	a
畓	a
澜	a
𰌙	a
𫝮	a
㛦	a
漤	a
蓝	i
岚	i
𰏟	i
罱	i
览	i
𫣉	i
㧛	i
𬞕	i
镧	i
拦	i
揽	i
烂	o
褴	o
谰	o
襕	o
阑	o
𬦾	o
𪢠	o
懒	o
兰	o
斓	o
篮	u
𮆏	u
栏	v
榄	v
𬅉	v
𱁽	v
𡒄	v
𱤚	v
𰊑	v
壈	v
𬒗	v
𰆚	v
婪	v
𬎑	v
陆	a
绿	a
𫘧	a
彔	a
淥	a
𮉡	a
渌	a
泸	a
𰛮	a
赂	a
勠	a
潞	a
剹	a
翏	a
戮	a
漉	a
澛	a
娽	a
录	a
盝	a
逯	a
卢	i
僇	i
㟤	i
睩	i
峍	i
𪾦	i
𱋶	i
䍡	i
侓	i
芦	i
蓼	i
菉	i
𱽗	i
蕗	i
镥	i
𲈊	i
𬬻	i
撸	i
掳	i
虏	i
卤	i
虜	i
鸬	i
颅	i
炉	o
禄	o
祿	o
鹭	o
路	o
𠰷	o
噜	o
𱪵	o
熝	o
鹿	o
𪪏	o
庐	o
廘	o
六	o
𡳴	o
鲁	u
鲈	u
𮬠	u
胪	u
舻	u
甪	u
𫇛	u
氇	u
箓	u
穋	u
𬙎	u
簏	u
稑	u
露	v
辘	v
轳	v
辂	v
栌	v
醁	v
垆	v
勎	v
枦	v
塶	v
圥	v
坴	v
碌	v
橹	v
麓	v
琭	v
㯟	v
璐	v
力	a
蠡	a
劙	a
盭	a
缡	a
𫄫	a
骊	a
𫄥	a
澧	a
浬	a
涖	a
沴	a
漓	a
娌	a
刕	a
娳	a
浰	a
㛤	a
隶	a
溧	a
沥	a
例	i
罹	i
屴	i
𢃇	i
詈	i
岦	i
蜊	i
峲	i
蛎	i
峛	i
峢	i
里	i
莉	i
荔	i
蒞	i
茘	i
俚	i
莅	i
蓠	i
䓞	i
苙	i
藜	i
蔾	i
䔉	i
苈	i
锂	i
𫟷	i
俐	i
俪	i
傈	i
𮯸	i
立	o
礼	o
裡	o
褵	o
戾	o
哩	o
跞	o
唳	o
悧	o
慄	o
𠻗	o
粒	o
粝	o
𥸯	o
唎	o
嚟	o
糎	o
𱪪	o
离	o
𫪃	o
痢	o
呖	o
喱	o
疠	o
凓	o
疬	o
竰	o
利	u
狸	u
𨽻	u
鲤	u
鳢	u
䲞	u
猁	u
鲡	u
㸚	u
貍	u
脷	u
梨	u
剓	u
黎	u
黧	u
䵩	u
鿯	u
篱	u
笠	u
犁	u
𱊃	u
秝	u
犂	u
篥	u
棃	u
理	v
李	v
䢂	v
轹	v
朸	v
丽	v
吏	v
婯	v
梩	v
醴	v
逦	v
醨	v
鹂	v
鬁	v
栗	v
𰀕	v
雳	v
隷	v
䣓	v
坜	v
䰛	v
塛	v
𣘐	v
历	v
励	v
栎	v
厯	v
厘	v
㽝	v
檪	v
歴	v
砬	v
暦	v
㷴	v
砾	v
栃	v
厤	v
厉	v
㽁	v
㰀	v
砺	v
磿	v
㻺	v
璃	v
珕	v
孷	v
𠭰	v
嫠	v
剺	v
釐	v
𪲔	v
𢄡	v
𢿍	v
𢟤	v
𣁟	v
枥	v
𬍛	v
瓈	v
𣁛	v
琍	v
𭤎	v
𣘬	v
梁	a
粱	a
𫟅	a
𮉧	a
涼	a
𭃂	a
俩	i
𮔊	i
㒳	i
莨	i
𬜯	i
俍	i
量	o
良	o
谅	o
𮖁	o
晾	o
踉	o
悢	o
哴	o
喨	o
粮	o
亮	o
唡	o
凉	o
魉	u
簗	u
辆	v
辌	v
樑	v
両	v
两	v
椋	v
墚	v
练	a
𱺧	a
潋	a
濂	a
嫾	a
嬚	a
媡	a
涟	a
莲	i
蠊	i
莶	i
蔹	i
链	i
镰	i
𰾮	i
𫔀	i
𲇷	i
敛	i
𫢪	i
𰙎	i
㰸	i
㪘	i
恋	o
裢	o
裣	o
怜	o
帘	o
噒	o
炼	o
熑	o
廉	o
亷	o
𪡏	o
劆	o
㢘	o
脸	u
鲢	u
𬶠	u
臁	u
联	v
连	v
鬑	v
堜	v
殓	v
磏	v
奁	v
琏	v
梿	v
㯬	v
楝	v
匲	v
瑓	v
辽	a
缭	a
漻	a
嫽	a
屪	a
僚	i
瞭	i
髎	i
嶚	i
嶛	i
䒿	i
镣	i
钌	i
撩	i
撂	i
料	o
蹽	o
暸	o
寥	o
寮	o
憭	o
燎	o
炓	o
疗	o
廖	o
嘹	o
廫	o
獠	u
尦	u
簝	u
尥	v
聊	v
𪤗	v
鹩	v
尞	v
橑	v
驴	a
骡	a
缕	a
𬘤	a
骆	a
滤	a
漯	a
洛	a
泺	a
㛎	a
屡	a
履	a
罗	i
逻	i
螺	i
峈	i
䀩	i
嵂	i
萝	i
倮	i
㑩	i
荦	i
葎	i
蓏	i
𰂦	i
侣	i
锣	i
镙	i
𮣶	i
铝	i
偻	i
侶	i
捋	i
摞	i
𫽋	i
虑	i
𰅔	i
裸	o
剆	o
褛	o
啰	o
闾	o
吕	o
呂	o
𬊜	o
哷	o
焒	o
𱕌	o
旅	o
𦆁	o
蠃	o
瘰	o
臝	o
𨭞	o
䇔	o
𦣖	o
𧝹	o
膂	o
𱊮	o
𣎆	o
𥢵	o
𡑤	o
𣜄	o
律	u
猡	u
𤝽	u
洜	u
䎊	u
雒	u
𫌨	u
𫗩	u
㓢	u
躶	u
脶	u
𦝼	u
箩	u
氯	u
𥡜	u
稆	u
穞	u
笿	u
榈	v
椤	v
垏	v
梠	v
硦	v
珞	v
𭹜	v
流	a
绺	a
骝	a
𨻧	a
浏	a
鎏	a
𤱊	a
鹨	a
瑬	a
溜	a
媹	a
㚹	a
镏	i
疁	i
罶	i
𥉳	i
𦊑	i
嵧	i
锍	i
镠	i
蹓	o
㽞	o
畄	o
𭇯	o
熘	o
熮	o
瘤	o
刘	o
旈	o
旒	o
廇	o
癅	o
留	u
遛	u
馏	u
飗	u
鹠	u
𱈊	u
柳	v
畱	v
𰢴	v
霤	v
塯	v
硫	v
榴	v
栁	v
磟	v
琉	v
珋	v
瑠	v
桺	v
璢	v
滦	a
㱍	a
𪢮	i
圝	i
𤲶	i
峦	o
孪	o
娈	o
銮	o
脔	o
挛	o
鸾	o
栾	o
卵	u
乱	u
邋	a
儠	i
蝋	i
蝲	i
菈	i
䖃	i
镴	i
𰾿	i
揦	i
拉	i
啦	o
旯	o
嚹	o
辣	o
喇	o
瘌	o
腊	u
𬶟	u
𤰚	u
臈	u
䓥	u
垃	v
剌	v
鞡	v
辢	v
鬎	v
磖	v
㻋	v
睖	i
薐	i
愣	o
踜	o
唥	o
㘄	o
冷	o
稜	u
䉄	u
楞	v
塄	v
堎	v
碐	v
泪	a
缧	a
沦	a
㶟	a
𲉉	a
垒	a
厽	a
淚	a
涙	a
嫘	a
𱙇	a
洡	a
累	i
囵	i
𪨧	i
畾	i
𱛍	i
罍	i
塁	i
壨	i
伦	i
儡	i
儽	i
傫	i
藟	i
蔂	i
虆	i
蕾	i
镭	i
𬬭	i
仑	i
抡	i
擂	i
论	o
诔	o
颣	o
类	o
羸	o
㿔	o
𦣉	o
𬢙	o
癗	o
𦣄	o
㹎	u
𦧲	u
轮	v
欙	v
酹	v
雷	v
𫭢	v
磊	v
礧	v
𱳯	v
礌	v
耒	v
䣂	v
檑	v
隆	a
漋	a
𩧪	a
陇	a
滝	a
𫎦	a
㛞	a
拢	i
眬	i
嶐	i
㟖	i
𰎎	i
𱛓	i
茏	i
𰽦	i
𫢒	i
咙	o
𰳲	o
昽	o
𨀁	o
窿	o
𡬕	o
𰩅	o
𤇭	o
癃	o
竜	o
哢	o
笼	u
𬧢	u
𰶑	u
𦨩	u
衖	u
𪫌	u
胧	u
篭	u
垄	v
𰭹	v
𫖅	v
垅	v
霳	v
槞	v
聋	v
尨	v
𱅅	v
龙	v
𰲴	v
𫛟	v
砻	v
𫜲	v
𰦭	v
𬺜	v
弄	v
栊	v
珑	v
梇	v
嫏	a
𡦀	a
浪	a
螂	i
崀	i
蜋	i
蒗	i
蓢	i
锒	i
𨱍	i
朗	o
郎	o
勆	o
郞	o
欴	o
塱	o
𡏅	o
㮾	o
阆	o
㫰	o
啷	o
烺	o
廊	o
狼	u
鿶	u
朤	u
稂	u
筤	u
琅	v
榔	v
桹	v
埌	v
㙟	v
鿾	v
硠	v
瑯	v
漏	a
巤	a
陋	a
溇	a
劦	a
洌	a
屚	a
搂	i
髅	i
蝼	i
嵝	i
䁖	i
㽟	i
蒌	i
镂	i
劣	i
捩	i
咧	o
躐	o
喽	o
娄	o
𫦉	o
𤋏	o
冽	o
瘺	o
瘘	o
𫷹	o
猎	u
𫚭	u
猟	u
脟	u
篓	u
列	v
鬣	v
剅	v
𪣻	v
埒	v
埓	v
楼	v
趔	v
奊	v
裂	v
劽	v
姴	v
烈	v
䴕	v
耧	v
泯	a
缗	a
𦈏	a
湣	a
𫞗	a
姄	a
愍	a
民	a
刡	a
暋	a
敃	a
皿	i
岷	i
罠	i
崏	i
苠	i
𠊟	i
抿	i
闽	o
呡	o
闵	o
黾	o
旻	o
旼	o
悯	o
惽	o
忞	o
冺	o
敏	u
鳘	u
笢	u
勄	u
慜	u
玟	v
䃉	v
砇	v
珉	v
瑉	v
矛	a
蟊	a
瞀	a
蝥	a
嵍	a
堥	a
泖	a
媢	a
戼	a
冒	i
帽	i
㡌	i
峁	i
冐	i
眊	i
毷	i
冃	i
茂	i
茅	i
鄚	i
䓮	i
茆	i
芼	i
锚	i
铆	i
袤	o
昴	o
旄	o
贸	u
猫	u
卯	u
乮	u
𬪍	u
夘	u
皃	u
貌	u
貓	u
耄	u
牦	u
毛	u
髦	v
懋	v
楙	v
酕	v
髳	v
霿	v
冇	v
瑁	v
犛	v
氂	v
买	a
荬	i
𧹒	i
鿏	i
佅	i
唛	o
𪡃	o
卖	u
衇	u
䘑	u
脉	u
脈	u
埋	v
迈	v
劢	v
霾	v
売	v
霡	v
霢	v
麦	v
鿺	v
麽	o
嚜	o
嚒	o
庅	o
麼	o
么	u
末	v
懑	a
汶	a
呇	a
扪	i
钔	i
们	i
门	o
闷	o
焖	o
亹	o
鞔	v
𭩛	v
𫞩	v
溟	a
洺	a
嫇	a
姳	a
命	i
瞑	i
螟	i
朙	i
眀	i
茗	i
蓂	i
铭	i
佲	i
𠇮	i
㑒	i
明	o
冥	o
𠖇	o
暝	o
𱊂	o
㝠	o
鸣	o
凕	o
名	u
酩	v
椧	v
榠	v
漫	a
缦	a
㵘	a
満	a
满	a
嫚	a
㛧	a
姏	a
𬇕	a
屘	a
瞒	i
幔	i
螨	i
蔓	i
𬜬	i
颟	i
镘	i
僈	i
𬭮	i
𪮳	i
慢	o
谩	o
曼	o
熳	o
蛮	o
馒	u
鳗	u
鬘	v
墁	v
槾	v
母	a
茻	a
牟	a
楘	a
姆	a
沐	a
幕	i
睦	i
㟂	i
𤰜	i
幙	i
畮	i
畂	i
峔	i
蚞	i
目	i
墓	i
募	i
慕	i
苜	i
暮	i
钼	i
𬭁	i
拇	i
仫	i
亩	o
𧿹	o
𠺖	o
炑	o
畆	o
𤱈	o
牧	u
凩	u
畞	u
穆	u
毪	u
牡	u
木	v
模	v
坶	v
霂	v
雮	v
𪢸	v
弥	a
㳽	a
𰀸	a
汨	a
洣	a
沵	a
孊	a
弭	a
幦	a
眯	i
幎	i
瞇	i
峚	i
蘼	i
䕷	i
羋	i
侎	i
芈	i
密	o
谜	o
冖	o
幂	o
冪	o
谧	o
冞	o
祢	o
罙	o
日	o
蜜	o
宻	o
𧒧	o
嘧	o
咪	o
迷	o
熐	o
敉	o
米	o
靡	o
縻	o
糜	o
麋	o
猕	u
鿹	u
觅	u
脒	u
𥮜	u
醚	v
醾	v
醿	v
釄	v
塓	v
樒	v
𲁑	v
绵	a
缅	a
㝃	a
娩	a
婂	a
媔	a
湎	a
沔	a
眠	i
冕	i
眄	i
偭	i
愐	o
宀	o
喕	o
免	u
勉	u
𩾃	u
緜	u
腼	u
棉	v
丏	v
勔	v
䩄	v
靣	v
面	v
麺	v
𮮄	v
妙	a
淼	a
缪	a
缈	a
渺	a
媌	a
嫹	a
苗	i
瞄	i
眇	i
藐	i
鹋	i
描	i
庙	o
𠴕	o
喵	o
玅	o
庿	o
竗	o
邈	u
𲍑	u
䏚	u
秒	u
杪	v
𦕈	v
漠	a
𬙊	a
陌	a
濹	a
嬷	a
沒	a
没	a
嫫	a
嫼	a
嬤	a
妺	a
沫	a
莫	i
默	i
瞐	i
䁼	i
䘃	i
黙	i
眽	i
墨	i
帞	i
眜	i
帓	i
摹	i
蓦	i
蘑	i
藦	i
謩	i
茉	i
镆	i
抹	i
尛	i
摸	i
魔	o
谟	o
𰈶	o
嗼	o
寞	o
嚤	o
爅	o
㷵	o
糢	o
磨	o
摩	o
癦	o
瘼	o
劘	o
𩞁	o
麿	o
膜	u
馍	u
獏	u
劰	u
貘	u
貊	u
秣	u
万	v
靺	v
圽	v
塻	v
殁	v
礳	v
歿	v
无	v
耱	v
唜	v
谬	o
妈	a
马	a
孖	a
嫲	a
蚂	i
㐷	i
蟆	i
蔴	i
蟇	i
𨰾	i
𢳀	i
嘛	o
祃	o
吗	o
骂	o
麻	o
痳	o
痲	o
犸	u
码	v
杩	v
玛	v
孟	a
濛	a
勐	a
蒙	i
蠓	i
蜢	i
幪	i
㠓	i
蟒	i
虻	i
甿	i
萌	i
瞢	i
儚	i
鹲	i
䒐	i
萠	i
甍	i
锰	i
掹	i
擝	i
盟	o
冡	o
𠵼	o
𫑡	o
曚	o
懵	o
懜	o
氓	o
𤷪	o
蝱	o
夣	o
庬	o
猛	u
獴	u
朦	u
艨	u
艋	u
檬	v
橗	v
雺	v
靀	v
霥	v
礞	v
𢿂	v
梦	v
妹	a
湄	a
眉	a
郿	a
氼	a
鹛	a
渼	a
媒	a
媚	a
浼	a
媺	a
嬍	a
媄	a
娒	a
沬	a
嵋	i
嵄	i
黣	i
䵢	i
眛	i
莓	i
苺	i
镁	i
镅	i
美	o
袂	o
禖	o
昧	o
寐	o
呅	o
煤	o
煝	o
槑	o
痗	o
凂	o
穈	o
𪎭	o
塺	o
魅	u
猸	u
躾	u
脢	u
徾	u
脄	u
毎	u
每	u
梅	v
楣	v
栂	v
酶	v
霉	v
堳	v
枚	v
玫	v
瑂	v
楳	v
漭	a
娏	a
茫	i
䵨	i
莽	i
芒	i
铓	i
盲	o
忙	o
邙	o
吂	o
哤	o
杗	o
牤	u
牻	u
𤛘	u
硭	v
杧	v
壾	v
厖	v
乜	a
𱙷	a
鍪	a
劺	a
敄	a
眸	i
蠛	i
蛑	i
幭	i
侔	i
蔑	i
𫓴	i
搣	i
谋	o
哞	o
哶	o
𠴟	o
踎	o
咩	o
吀	o
篾	u
𢦼	u
灭	v
某	v
烕	v
𮮇	v
恁	i
囜	i
您	i
嫐	a
媃	a
挠	i
蛲	i
𰎞	i
巎	i
铙	i
恼	o
呶	o
𫍢	o
闹	o
𢙐	o
悩	o
脑	u
猱	u
峱	u
匘	u
脳	u
臑	u
孬	v
垴	v
堖	v
硇	v
𥐻	v
夒	v
𥒚	v
𥑪	v
瑙	v
桡	v
奶	a
𡥧	a
能	a
熋	a
鼐	a
婩	a
㚷	a
妳	a
乃	a
虐	i
艿	i
萘	i
佴	i
䖋	i
倷	i
疟	o
褦	o
哪	o
氖	u
耐	v
𰀂	v
迺	v
廼	v
奈	v
耏	v
柰	v
𰀄	v
那	a
讷	o
呢	o
呐	o
吶	o
媆	a
嫰	a
嫩	a
㯎	v
泞	a
𪥰	a
拧	i
苧	i
佇	i
侫	i
倿	i
佞	i
凝	o
咛	o
㝕	o
甯	o
寍	o
寗	o
寜	o
𡩋	o
𧕝	o
𡪕	o
𡬛	o
𡨪	o
寕	o
宁	o
𡫃	o
狞	u
柠	v
聍	v
𮫂	v
婻	a
难	a
妠	a
娚	a
湳	a
男	i
囡	i
㽖	i
畘	i
蝻	i
萳	i
侽	i
莮	i
抩	i
喃	o
煵	o
南	u
腩	u
楠	v
柟	v
枏	v
㭷	v
赧	v
𧹞	v
奴	a
努	a
弩	a
驽	a
孥	a
胬	a
怒	a
砮	a
傉	i
㚢	i
伮	i
𢫓	i
𠴂	o
笯	u
尼	a
溺	a
泥	a
𨺙	a
𣲷	a
孴	a
妮	a
婗	a
嫟	a
嬺	a
拟	i
睨	i
㲻	i
蜺	i
伲	i
䁥	i
薿	i
伱	i
铌	i
鿭	i
倪	i
儗	i
你	i
𫠜	i
惄	i
昵	o
暱	o
怩	o
逆	o
籾	o
旎	o
麑	o
腻	u
猊	u
疑	u
鲵	u
兒	u
郳	u
屔	u
匿	v
𫐐	v
𧏾	v
䘌	v
霓	v
坭	v
堄	v
𣘗	v
嬢	a
孃	a
娘	a
酿	v
醸	v
涊	a
姩	a
念	i
蔫	i
撵	i
捻	i
拈	i
撚	i
粘	o
蹍	o
唸	o
哖	o
焾	o
黏	u
鲇	u
鲶	u
𬲫	u
秊	u
秥	u
年	u
廿	v
辗	v
卄	v
埝	v
碾	v
辇	v
𪎋	v
尿	a
嫋	a
𮱒	a
㞙	a
茑	i
嬲	i
𬡇	o
袅	u
脲	u
娜	a
㛂	a
女	a
挪	i
傩	i
𦰡	i
钕	i
锘	i
搦	i
偄	i
诺	o
喏	o
懦	o
糯	o
籹	o
糑	o
衄	u
朒	u
衂	u
䶊	u
穤	u
稬	u
恧	v
梛	v
妞	a
纽	a
扭	i
钮	i
拗	i
抝	i
忸	o
炄	o
狃	u
牛	u
杻	v
奻	a
煖	o
㬉	o
暖	o
煗	o
纳	a
乸	a
㵊	a
拏	a
挐	a
拿	i
𨚗	i
𨙻	i
䖧	i
内	i
𠕄	i
钠	i
镎	i
捺	i
㧱	i
衲	o
𠸎	o
嗱	o
𤶸	o
肭	u
雫	v
娞	a
婑	a
內	i
黁	o
馁	u
氝	u
氞	u
浓	a
侬	i
挊	i
挵	i
农	o
哝	o
㶶	o
脓	u
秾	u
𬪩	v
辳	v
乪	a
攮	i
儾	i
囔	o
曩	o
馕	u
齉	u
𰀉	v
囊	v
嚢	v
涅	a
陧	a
孼	a
糱	a
隉	a
櫱	a
湼	a
帇	a
孽	i
嵲	i
㘝	i
巕	i
嶭	i
蘖	i
菍	i
苶	i
糵	i
镊	i
镍	i
𬭦	i
捏	i
揑	i
㝹	i
蹑	o
啮	o
𫔶	o
噛	o
圼	o
啂	o
𰈯	o
嗫	o
臬	u
臲	u
𥬞	u
聂	v
颞	v
槷	v
㘿	v
䨲	v
㚔	v
耨	v
𫜩	v
姘	a
嫔	a
娦	a
拼	i
𧏖	i
𬞟	i
拚	i
频	i
颦	i
𫫾	o
品	o
贫	u
牝	u
聘	v
𣎳	v
榀	v
玭	v
泡	a
皰	a
㚿	a
抛	i
萢	i
拋	i
袍	o
跑	o
咆	o
疱	o
庖	o
麅	o
狍	u
炰	u
脬	u
匏	v
鞄	v
垉	v
奅	v
𪿫	v
砲	v
派	a
湃	a
拍	i
䖰	i
俳	i
蒎	i
排	i
哌	o
牌	u
迫	u
廹	u
徘	u
𠂢	u
簰	u
𥱼	u
棑	v
𣏟	v
湓	a
喷	o
呠	o
𬅫	u
盆	u
涄	a
洴	a
娉	a
淜	a
泙	a
萍	i
帡	i
幈	i
帲	i
蚲	i
苹	i
俜	i
蓱	i
荓	i
倗	i
凭	i
瓶	o
评	o
焩	o
呯	o
𱞎	o
𮰉	o
乒	u
鲆	u
缾	u
甁	u
坪	v
𫐌	v
塀	v
平	v
砯	v
枰	v
玶	v
潘	a
爿	a
泮	a
盼	i
畔	i
蟠	i
鋬	i
判	o
袢	o
襻	o
蹒	o
叛	o
炍	o
冸	o
丬	o
磐	u
胖	u
槃	u
縏	u
媻	u
幋	u
盘	u
鞶	u
攀	v
浦	a
濮	a
潽	a
溥	a
𡏋	a
扑	i
圃	i
圑	i
仆	i
蒲	i
蒱	i
菩	i
菐	i
葡	i
铺	i
镤	i
镨	i
攴	i
舖	i
舗	i
谱	o
蹼	o
噗	o
烳	o
普	o
匍	u
氆	u
穙	u
攵	u
朴	v
酺	v
酜	v
墣	v
圤	v
璞	v
皮	a
澼	a
𬳵	a
淠	a
陴	a
阰	a
疋	a
媲	a
嫓	a
劈	a
譬	a
䴙	a
𬸯	a
屁	a
甓	a
披	i
僻	i
罴	i
蜱	i
毗	i
蚍	i
毘	i
岯	i
嶏	i
苉	i
铍	i
𰾎	i
𬬲	i
𰽸	i
𬬫	i
擗	i
批	i
仳	i
伾	i
伓	i
疲	o
噼	o
𰿾	o
𠵿	o
悂	o
啤	o
嚊	o
焷	o
炋	o
癖	o
庀	o
痞	o
脾	u
鲏	u
狓	u
狉	u
郫	u
𠜱	u
𣬉	u
貔	u
𦨭	u
膍	u
匹	v
髬	v
霹	v
圮	v
壀	v
埤	v
鼙	v
坯	v
嚭	v
噽	v
丕	v
邳	v
砒	v
琵	v
枇	v
骗	a
骈	a
㛹	a
媥	a
偏	i
囨	i
翩	o
𱅝	o
谝	o
蹁	o
跰	o
篇	u
片	u
胼	u
犏	u
楩	v
𡎚	v
漂	a
缥	a
嫖	a
瞟	i
螵	i
薸	i
僄	i
嘌	o
慓	o
飘	v
瓢	v
勡	v
剽	v
票	v
殍	v
婆	a
泼	a
溌	a
颇	a
㛘	a
钋	i
岥	i
岶	i
钷	i
䥽	i
嘙	o
粕	o
烞	o
狛	u
皤	u
鄱	u
笸	u
坡	v
叵	v
尀	v
破	v
珀	v
潖	a
妑	a
帕	i
帊	i
葩	i
掱	i
啪	o
趴	o
怕	o
𤆵	o
爬	u
舥	u
筢	u
琶	v
杷	v
澎	a
㛁	a
弸	a
捧	i
蟛	i
剻	i
蓬	i
芃	i
抨	i
掽	i
㧸	i
烹	o
踫	o
怦	o
嘭	o
𠾴	o
朋	u
匉	u
鹏	u
篷	u
膨	u
棚	v
鬅	v
塜	v
塳	v
椪	v
砰	v
碰	v
硼	v
陪	a
辔	a
阫	a
赔	a
姵	a
沛	a
佩	i
帔	i
𰀦	i
锫	i
裴	i
伂	i
俖	i
呸	o
怌	o
旆	o
裵	o
㾦	o
斾	o
胚	u
衃	u
毰	u
肧	u
培	v
醅	v
配	v
霈	v
𠀾	v
珮	v
滂	a
螃	i
庞	o
嗙	o
炐	o
旁	o
逄	u
鳑	u
乓	u
膖	u
胮	u
徬	u
肨	u
雱	v
霶	v
䨦	v
厐	v
耪	v
苤	i
𬭯	i
抔	i
掊	i
撇	i
𫼣	i
瞥	o
嫳	o
剖	o
裒	o
㰴	o
氕	u
丿	u
沁	a
骎	a
𥎊	a
媇	a
溱	a
侵	i
螓	i
嵚	i
蠄	i
蚙	i
芹	i
芩	i
钦	i
锓	i
衾	i
𲇴	i
禽	i
擒	i
揿	i
捦	i
搇	i
㩒	i
寝	o
吢	o
唚	o
噙	o
昑	o
吣	o
寑	o
𡩁	o
慬	o
嗪	o
𲁗	o
庈	o
亲	o
秦	v
梫	v
勤	v
檎	v
懃	v
覃	v
坅	v
埁	v
琴	v
珡	v
琹	v
崅	i
蒛	i
雀	i
搉	i
阙	o
阕	o
𬒈	o
瘸	o
缺	u
卻	u
㕁	u
确	v
鹊	v
榷	v
𣪹	v
却	v
𥀎	v
悫	v
愨	v
𣙜	v
塙	v
埆	v
㲉	v
㱋	v
𰉩	v
𥔳	v
𢢢	v
碏	v
碻	v
阵	a
缜	a
纼	a
𬘝	a
浈	a
赈	a
潧	a
姫	a
嫃	a
屒	a
弫	a
镇	i
帧	i
畛	i
黰	i
甽	i
帪	i
侦	i
蓁	i
葴	i
针	i
𰾗	i
振	i
抮	i
㐱	i
揕	i
贞	i
𲅗	i
诊	o
祯	o
袗	o
鸩	o
禛	o
昣	o
䟴	o
疹	o
朕	u
獉	u
𮬤	u
眞	u
胗	u
𰮤	u
真	u
箴	u
稹	u
震	v
臻	v
轸	v
斟	v
酖	v
鬒	v
甄	v
桢	v
枮	v
靕	v
枕	v
圳	v
砧	v
碪	v
珍	v
瑱	v
珎	v
榛	v
瑧	v
清	a
𬘬	a
䞍	a
淸	a
倾	i
蜻	i
䵞	i
黥	i
圊	i
擎	i
苘	i
檠	i
𰘓	i
掅	i
倩	i
情	o
綮	o
请	o
晴	o
甠	o
寈	o
庆	o
勍	o
䯧	o
剠	o
庼	o
啨	o
凊	o
卿	u
鲭	u
夝	u
氢	u
氰	u
轻	v
顷	v
㯳	v
罄	v
謦	v
㷫	v
磬	v
䨝	v
埥	v
碃	v
青	v
郬	v
靑	v
棾	v
展	a
绽	a
𬘜	a
沾	a
嫸	a
湛	a
战	i
瞻	i
岾	i
蛅	i
黵	i
崭	i
𥇢	i
𡺄	i
蘸	i
佔	i
搌	i
偡	i
占	i
站	o
谵	o
戦	o
邅	o
旃	o
鹯	o
詹	u
飐	u
𫗴	u
𫗞	u
毡	u
氊	u
斩	v
㠭	v
𬪨	v
霑	v
趈	v
栴	v
盏	v
栈	v
𬍙	v
桟	v
注	a
驻	a
纻	a
陼	a
贮	a
乼	a
渚	a
潴	a
洙	a
㔉	a
瀦	a
𣃁	a
住	i
助	i
瞩	i
蠋	i
蛀	i
蛛	i
嵀	i
芧	i
苎	i
茱	i
铸	i
伫	i
铢	i
拄	i
侏	i
祝	o
诸	o
𬣞	o
𬣣	o
诛	o
嘱	o
𡎺	o
𨅛	o
丶	o
宔	o
㝉	o
烛	o
炷	o
炢	o
麈	o
疰	o
𥩟	o
瘃	o
主	o
朱	u
猪	u
橥	u
煮	u
翥	u
煑	u
舳	u
竹	u
邾	u
筯	u
箸	u
筑	u
竺	u
逐	v
杼	v
朮	v
柱	v
槠	v
霔	v
壴	v
株	v
劯	v
砫	v
豬	v
櫫	v
珠	v
汽	a
绮	a
骐	a
泣	a
汔	a
婍	a
娸	a
漆	a
沏	a
淒	a
淇	a
洓	a
迉	a
柒	a
企	i
岂	i
屺	i
㽯	i
蛴	i
俟	i
嵜	i
岐	i
蚑	i
岓	i
崎	i
蜞	i
畦	i
蛣	i
䗩	i
㟢	i
芪	i
芑	i
葺	i
蕲	i
萋	i
萁	i
锜	i
𬭭	i
扱	i
捿	i
歧	i
倛	i
僛	i
启	o
啔	o
祈	o
䏿	o
讫	o
啟	o
祺	o
褄	o
禥	o
棨	o
蹊	o
㬤	o
跂	o
㫓	o
𣅠	o
踦	o
器	o
愭	o
慽	o
悽	o
噐	o
呚	o
弃	o
咠	o
唭	o
旗	o
嘁	o
斉	o
旂	o
凄	o
麒	o
棄	o
气	u
鳍	u
鲯	u
夡	u
魌	u
脐	u
耆	u
颀	u
迄	u
乞	u
憩	u
憇	u
籏	u
簱	u
気	u
欫	u
𦧉	u
七	v
妻	v
郪	v
炁	v
𬨂	v
杞	v
綦	v
桼	v
桤	v
剘	v
欺	v
𫛰	v
鬐	v
碁	v
𬱦	v
棊	v
圻	v
起	v
埼	v
霋	v
戚	v
唘	v
慼	v
欹	v
磜	v
攲	v
砌	v
碕	v
碛	v
碶	v
棋	v
玘	v
棲	v
栖	v
槭	v
亓	v
琦	v
琪	v
𤪌	v
璂	v
契	v
栔	v
戕	a
𫄶	a
斨	a
嫱	a
㛨	a
蜣	i
𡺃	i
戗	i
蔷	i
蔃	i
锵	i
镪	i
𬬰	i
锖	i
呛	o
襁	o
跄	o
𬧀	o
唴	o
啌	o
羌	o
羟	o
羗	o
炝	o
𦍑	o
𪪞	o
腔	u
𢦤	u
枪	v
𮠞	v
墙	v
樯	v
玱	v
潜	a
纤	a
缱	a
阡	a
奷	a
灊	a
潛	a
汧	a
𰊢	a
钱	i
遣	i
黔	i
岒	i
嵰	i
岍	i
蚈	i
茜	i
荨	i
伣	i
儙	i
蒨	i
芡	i
芊	i
䕭	i
铅	i
钤	i
𰾑	i
諐	i
钎	i
偂	i
钳	i
仟	i
掮	i
扦	i
拑	i
撍	i
虔	i
佥	i
歬	i
谦	o
谴	o
骞	o
悭	o
搴	o
褰	o
慊	o
嗛	o
歉	o
粁	o
前	o
竏	o
千	u
欠	u
鹐	u
匁	u
皘	u
乾	u
膁	u
愆	u
肷	u
䑶	u
签	u
箝	u
刋	u
篟	u
迁	u
圱	u
牵	v
堑	v
椠	v
𰺉	v
圲	v
墘	v
杄	v
雃	v
棈	v
缲	a
陗	a
瞧	i
峭	i
帩	i
骹	i
幧	i
䵲	i
俏	i
荍	i
荞	i
锹	i
劁	i
僺	i
𱂻	i
侨	i
撬	i
撽	i
偢	i
悄	o
诮	o
谯	o
跷	o
躈	o
窍	o
憔	o
愀	o
喿	o
𪡀	o
敲	o
乔	u
𥁢	u
㡑	u
鍫	u
巧	v
翘	v
㚽	v
樵	v
鞒	v
墽	v
𫭪	v
橇	v
硚	v
硗	v
桥	v
屈	a
驱	a
灈	a
阹	a
渠	a
曲	i
黢	i
蛆	i
蛐	i
𪨰	i
刞	i
氍	i
𬸱	i
岴	i
岖	i
蕖	i
伹	i
蘧	i
龋	i
佢	i
觑	i
𰴜	i
𰴞	i
佉	i
祛	o
诎	o
袪	o
阒	o
㘗	o
煀	o
粬	o
癯	o
竘	o
躯	u
劬	u
鸲	u
鼩	u
臞	u
衢	u
胠	u
籧	u
取	v
娶	v
欋	v
匷	v
髷	v
𣰋	v
趣	v
去	v
坥	v
迲	v
趋	v
㰦	v
𫭟	v
磲	v
厺	v
𰕅	v
区	v
戌	v
璩	v
𱋐	v
㭕	v
麹	v
匤	v
泅	a
𰬗	a
巯	a
渞	a
赇	a
㛏	a
㞗	a
囚	i
蚯	i
虬	i
虯	i
蝤	i
崷	i
萩	i
𨱇	i
仇	i
俅	i
丠	i
酋	o
遒	o
煪	o
糗	o
秌	o
唒	o
秋	u
鳅	u
厹	u
訄	u
叴	u
䲡	u
犰	u
丘	u
邱	u
鼽	u
鹙	u
媝	u
𬓫	u
穐	u
毬	u
球	v
裘	v
逑	v
鞧	v
求	v
坵	v
楸	v
璆	v
玌	v
梂	v
㭝	v
劝	a
绻	a
婘	a
姾	a
蜷	i
峑	i
巏	i
圏	i
畎	i
荃	i
颧	i
佺	i
铨	i
全	i
券	o
诠	o
踡	o
悛	o
惓	o
拳	o
弮	o
烇	o
痊	o
泉	u
鳈	u
灥	u
筌	u
勧	u
权	v
辁	v
醛	v
鬈	v
棬	v
犬	v
楾	v
権	v
瑔	v
洽	a
髂	i
葜	i
𫈰	i
掐	i
拤	i
恰	o
冾	o
圶	v
䨐	v
㓤	v
㓞	v
烝	a
塣	a
姃	a
𰌂	a
挣	i
睁	i
峥	i
崢	i
睜	i
崝	i
蒸	i
铮	i
钲	i
拯	i
掙	i
佂	i
证	o
诤	o
䦶	o
踭	o
晸	o
怔	o
郑	o
炡	o
症	o
争	u
狰	u
𱇡	u
猙	u
爭	u
征	u
㬹	u
筝	u
箏	u
整	v
政	v
鬇	v
正	v
𱳱	v
逡	a
𬘯	a
夋	a
羣	a
帬	a
裠	a
群	a
囷	i
峮	i
准	o
裙	o
谆	o
旽	o
窀	o
宭	o
宒	o
凖	o
𬂁	u
衠	u
迍	v
屯	v
埻	v
㻐	v
茕	i
䓖	i
㑋	i
藑	i
穹	o
惸	o
宆	o
穷	o
焪	o
熍	o
筇	u
匑	u
匔	u
琼	v
邛	v
卭	v
蛩	v
銎	v
跫	v
𣑦	v
㮪	v
涨	a
障	a
账	a
漳	a
嫜	a
张	a
掌	i
帐	i
嶂	i
幛	i
蟑	i
傽	i
仉	i
扙	i
仗	i
章	o
暲	o
彰	o
鄣	o
瘴	o
麞	o
胀	u
獐	u
𫗠	u
丈	v
樟	v
墇	v
礃	v
杖	v
璋	v
㛗	a
㛙	a
𮰿	a
锲	i
窃	o
怯	o
惬	o
妾	o
箧	u
郄	u
切	v
朅	v
厒	v
挈	v
𱞝	v
汭	a
𮉫	a
锐	i
蚋	i
蜹	i
蕊	i
𧄜	i
芮	i
蕋	i
蕤	i
蘂	i
睿	i
叡	i
壡	i
橤	o
惢	o
繠	o
枘	v
桵	v
甤	v
瑞	v
娆	a
绕	a
扰	i
荛	i
饶	u
𰺷	v
渃	a
惹	i
若	i
热	i
忍	a
纫	a
𫟃	a
纴	a
刃	a
姙	a
刄	a
妊	a
仁	i
仞	i
屻	i
岃	i
仭	i
亻	i
人	i
荵	i
荏	i
扨	i
任	i
认	o
衽	o
讱	o
袵	o
𢆉	o
壬	u
饪	u
𬶁	u
稔	u
牣	u
秂	u
韧	v
轫	v
杒	v
靭	v
靱	v
朲	v
染	a
姌	a
媣	a
冉	i
蚺	i
䎃	i
蚦	i
冄	i
苒	i
䒣	i
燃	o
呥	o
嘫	o
肰	u
𤉷	u
然	u
髯	v
髥	v
𤈿	v
汝	a
缛	a
孧	a
洳	a
𦈡	a
孺	a
嬬	a
帤	a
如	a
𫛪	a
媷	a
濡	a
溽	a
儒	i
蠕	i
侞	i
蝡	i
茹	i
薷	i
蓐	i
铷	i
擩	i
褥	o
襦	o
燸	o
嚅	o
嗕	o
入	u
乳	u
込	u
辱	v
颥	v
鄏	v
杁	v
驲	a
䒤	i
囸	i
弱	a
叒	a
婼	a
鶸	a
偌	i
鄀	i
蒻	i
爇	i
挼	i
焫	o
箬	u
𱈍	u
篛	u
阮	a
㽭	i
𤲬	i
䪭	o
朊	u
堧	v
软	v
壖	v
耎	v
瓀	v
瑌	v
陾	a
扔	i
仍	i
芿	i
礽	o
润	a
闰	o
𬂀	u
溶	a
绒	a
𣭲	a
氄	a
媶	a
嫆	a
瀜	a
荣	i
嵘	i
蝾	i
峵	i
蓉	i
傇	i
茸	i
镕	i
傛	i
熔	o
冗	o
宂	o
容	o
羢	o
烿	o
肜	u
狨	u
毧	u
𣰇	u
融	v
榕	v
戎	v
瑢	v
瀼	a
𬙋	a
攘	i
蘘	i
儴	i
嚷	o
禳	o
让	o
𧟄	o
瓤	o
勷	o
穰	u
穣	u
壤	v
壌	v
柔	a
揉	i
㽥	i
肉	i
蹂	o
宍	o
糅	o
煣	o
𬶧	u
鞣	v
𫐓	v
绥	a
隧	a
濉	a
㱁	a
祟	a
随	a
嬘	a
岁	i
髓	i
睟	i
嵗	i
𡻕	i
髄	i
亗	i
荽	i
𬭼	i
歳	i
虽	o
谇	o
襚	o
嗺	o
邃	o
遂	o
燧	o
哸	o
煫	o
旞	o
穗	u
夊	u
穟	u
穂	u
碎	v
𫟦	v
檖	v
埣	v
砕	v
璲	v
骚	a
缫	a
溞	a
嫂	a
搔	i
䕅	i
掻	i
扫	i
燥	o
氉	o
煰	o
瘙	o
臊	u
鳋	u
埽	v
思	i
𱂲	i
僿	i
揌	i
㩙	i
塞	o
噻	o
赛	o
𡨄	o
嘥	o
腮	u
鳃	u
毸	u
涩	a
𰄔	a
澁	a
渋	a
𬈧	a
铯	i
歮	i
啬	u
穑	u
瑟	v
雭	v
璱	v
森	v
叁	a
𰬷	a
毵	a
潵	a
伞	i
𦲞	i
俕	i
𠌂	i
馓	u
弎	v
㪚	v
散	v
䃟	v
㪔	v
三	v
肃	a
骕	a
缩	a
㴋	a
溯	a
泝	a
嫊	a
涑	a
鹔	a
粛	a
俗	i
𦌊	i
蔌	i
苏	i
𨱈	i
僁	i
僳	i
傃	i
诉	o
谡	o
蹜	o
宿	o
㝛	o
窣	o
愫	o
塑	o
愬	o
遡	o
嗉	o
稣	u
夙	u
觫	u
𫗧	u
簌	u
膆	u
速	v
𰗹	v
粟	v
酥	v
甦	v
𣫎	v
𣚯	v
塐	v
素	v
玊	v
司	a
丝	a
㣈	a
驷	a
缌	a
涘	a
𢇁	a
鸶	a
汜	a
泗	a
厶	a
姒	a
㚸	a
娰	a
媤	a
巳	a
孠	a
澌	a
𬢊	a
㟃	i
蛳	i
罳	i
𰂭	i
兕	i
四	i
佀	i
锶	i
撕	i
俬	i
嗣	o
祀	o
咝	o
禩	o
嘶	o
竢	o
凘	o
廝	o
私	u
饲	u
飔	u
𬲦	u
恖	u
虒	u
笥	u
𥯨	u
死	v
斯	v
肆	v
柶	v
楒	v
寺	v
厮	v
耜	v
漦	v
亖	v
娑	a
𥆝	a
溹	a
㛖	a
锁	i
睃	i
蓑	i
𭕆	i
𬭲	i
傞	i
些	i
嗦	o
唆	o
唢	o
嗍	o
羧	o
索	u
乺	u
所	u
簑	u
簔	u
梭	v
桫	v
𫠦	v
趖	v
琐	v
璅	v
蒜	i
痠	o
狻	u
筭	u
𮅕	u
算	u
酸	v
匴	v
祘	v
洒	a
萨	i
钑	i
撒	i
仨	i
飒	o
脎	u
卅	v
靸	v
僧	i
䒏	o
鬙	v
孙	a
损	i
荪	i
隼	i
笋	u
狲	u
飧	u
簨	u
筍	u
榫	v
飱	v
淞	a
濍	a
娀	a
𪨊	a
耸	i
嵩	i
𰎌	i
崧	i
怂	i
菘	i
㧐	i
倯	i
宋	o
诵	o
讼	o
𠳼	o
悚	o
送	o
竦	o
庺	o
凇	o
颂	u
𱉣	u
𩠌	u
惣	u
松	v
颡	a
桑	a
搡	i
嗓	o
丧	u
䘮	u
桒	u
磉	v
溲	a
薮	i
瞍	i
螋	i
蒐	i
锼	i
擞	i
傁	i
捜	i
搜	i
嗖	o
嗾	o
叜	o
嗽	o
𠻳	o
廀	o
廋	o
凁	o
𠘂	o
馊	u
飕	u
叟	u
艘	u
退	a
𬯎	a
娧	a
蜕	i
骽	i
蛻	i
蓷	i
𰂜	i
侻	i
𤍐	i
推	i
俀	i
褪	o
煺	o
弚	o
㷟	o
腿	u
魋	u
颓	u
𬓼	u
忒	v
𱰥	v
𪨇	v
淘	a
绦	a
绹	a
𫘦	a
𬘺	a
陶	a
滔	a
洮	a
嫍	a
涛	a
弢	a
掏	i
幍	i
萄	i
䀺	i
絛	i
㫦	i
搯	i
讨	o
慆	o
啕	o
咷	o
饕	o
逃	u
匋	u
迯	u
鼗	u
䄻	u
䵚	u
套	v
醄	v
鞀	v
鞉	v
桃	v
夵	v
㚐	v
韬	v
梼	v
台	a
孡	a
邰	a
炱	a
嬯	a
汰	a
抬	i
囼	i
苔	i
薹	i
钛	i
擡	i
儓	i
跆	o
旲	o
炲	o
㘆	o
㙜	o
胎	u
鲐	u
𱃗	u
舦	u
肽	u
箈	u
态	v
枱	v
酞	v
䑓	v
臺	v
坮	v
𡘙	v
冭	v
太	v
夳	v
泰	v
铽	i
𫋌	i
螣	u
特	u
忑	v
慝	v
汀	a
𬘩	a
渟	a
婷	a
娗	a
涏	a
聼	a
停	i
蜓	i
嵉	i
䗴	i
葶	i
莛	i
挺	i
侹	i
庭	o
烃	o
烶	o
听	o
亭	o
庁	o
廰	o
艇	u
脡	u
廷	u
筳	u
颋	u
厅	v
鞓	v
聴	v
霆	v
圢	v
桯	v
梃	v
厛	v
珽	v
耓	v
滩	a
婒	a
潭	a
探	i
炭	i
怹	i
菼	i
贪	i
傝	i
钽	i
锬	i
倓	i
摊	i
忐	i
叹	o
谭	o
袒	o
谈	o
襢	o
𰶉	o
昙	o
𰇲	o
㫜	o
惔	o
郯	o
㷋	o
𫛴	o
燂	o
痰	o
瘫	o
毯	u
罈	u
坦	v
歎	v
醰	v
坛	v
㘱	v
埮	v
䞡	v
坍	v
檀	v
墰	v
碳	v
榃	v
璮	v
涂	a
𬳿	a
屠	a
途	i
図	i
圗	i
图	i
嶀	i
荼	i
葖	i
菟	i
莵	i
钍	i
凸	i
峹	i
嵞	i
吐	o
唋	o
突	o
瘏	o
廜	o
凃	o
庩	o
徒	u
兔	u
兎	u
腯	u
秃	u
稌	u
禿	u
土	v
𠫓	v
酴	v
梌	v
堍	v
𰉣	v
圡	v
堗	v
㻬	v
涕	a
缇	a
绨	a
𫘨	a
屉	a
洟	a
屜	a
崹	i
荑	i
薙	i
锑	i
偍	i
倜	i
体	i
题	o
裼	o
戻	o
踢	o
剔	o
蹄	o
逷	o
𫛸	o
蹏	o
啼	o
惕	o
悌	o
剃	o
嚏	o
鹈	o
嗁	o
歒	o
逖	u
鳀	u
𬶕	u
躰	u
軆	u
𢧑	u
䴘	u
替	v
醍	v
𩮜	v
鬀	v
梯	v
趯	v
䨑	v
𣨼	v
厗	v
瑅	v
添	a
沺	a
淟	a
湉	a
婖	a
屇	a
田	i
畋	i
觍	i
睼	i
盷	i
𮴿	i
𦊊	i
䀖	i
倎	i
菾	i
掭	i
恬	o
𠻹	o
阗	o
唺	o
晪	o
㥏	o
畑	o
㖭	o
甜	u
𱃺	u
腆	u
畠	u
胋	u
舔	u
填	v
黇	v
酟	v
甛	v
塡	v
殄	v
鿬	v
忝	v
沗	v
琠	v
兲	v
天	v
靔	v
迢	a
粜	a
嬥	a
挑	i
眺	i
岧	i
岹	i
蜩	i
蓨	i
蓚	i
鋚	i
𱇱	i
佻	i
龆	i
祧	o
跳	o
窕	o
宨	o
庣	o
笤	u
鲦	u
条	u
𬢋	u
朓	u
髫	v
斢	v
驼	a
𫘞	a
陀	a
陁	a
沱	a
嫷	a
拖	i
岮	i
萚	i
铊	i
佗	i
侂	i
拓	i
捝	i
拕	i
𠈁	i
托	i
仛	i
唾	o
讬	o
跎	o
咃	o
跅	o
鼍	o
庹	o
脱	u
鸵	u
𬶍	u
饦	u
鿸	u
𱇏	u
鼧	u
妥	u
脫	u
乇	u
箨	u
椭	v
橐	v
酡	v
鬌	v
坨	v
圫	v
堶	v
槖	v
砣	v
柝	v
𣟄	v
楕	v
湍	a
彖	a
𬇘	a
抟	i
疃	i
圕	i
𤱝	i
畽	i
䵯	i
団	i
团	i
𲇲	i
煓	o
猯	u
𱉏	v
𦈖	a
溻	a
𦧥	a
㛥	a
她	a
㳠	a
挞	i
遝	i
崉	i
䵬	i
眔	i
他	i
嚺	i
搨	i
𣥂	i
𠉂	i
它	o
祂	o
褟	o
踏	o
嚃	o
𦐇	o
蹋	o
遢	o
趿	o
闼	o
譶	o
獭	u
鳎	u
䑽	u
𦪙	u
牠	u
濌	u
𦧟	u
塔	v
鞳	v
鞜	v
榙	v
塌	v
榻	v
墖	v
藤	i
𱎾	i
疼	o
誊	o
熥	o
滕	u
縢	u
腾	u
幐	u
𨃗	u
𪱪	u
䲢	u
籐	u
鼟	v
霯	v
臀	a
臋	a
𡱒	a
氽	i
𪑒	i
黗	i
暾	o
忳	o
焞	o
豚	u
饨	u
鲀	u
呑	u
𡉫	v
坉	v
豘	v
吞	v
通	a
统	a
潼	a
㛚	a
铜	i
瞳	i
峂	i
蚒	i
囲	i
同	i
茼	i
蓪	i
捅	i
佟	i
𢳟	i
仝	i
痛	o
嗵	o
𫍣	o
哃	o
曈	o
恸	o
烔	o
炵	o
童	o
𦒍	o
痌	o
庝	o
筒	u
彤	u
鲖	u
朣	u
衕	u
筩	u
桶	v
樋	v
桐	v
酮	v
橦	v
砼	v
烫	a
溏	a
帑	a
堂	i
螳	i
螗	i
傥	i
棠	i
铴	i
䣘	i
镗	i
㓥	i
镋	i
傏	i
坣	i
搪	i
伖	i
糖	o
𱒂	o
嘡	o
𰸄	o
蹚	o
䠀	o
羰	o
煻	o
鄌	o
唐	o
躺	u
饧	u
𬳍	u
膛	u
塘	v
醣	v
趟	v
赯	v
瑭	v
耥	v
贴	a
媮	a
妵	a
婾	a
偷	i
帖	i
骰	i
萜	i
铁	i
𨱎	i
投	i
偸	i
㪗	o
怗	o
头	o
咅	o
哣	o
亠	o
透	u
餮	v
䵿	v
陲	a
锤	i
圌	i
𬭨	i
捶	i
搥	i
倕	i
炊	o
𰝾	o
吹	o
垂	u
箠	u
埀	u
槌	v
棰	v
崴	i
𢱉	i
㖞	o
𨂿	o
㗏	o
外	u
歪	v
温	a
纹	a
𫘜	a
溫	a
妏	a
蟁	a
蚊	i
𥁕	i
芠	i
蕰	i
薀	i
抆	i
搵	i
揾	i
文	o
闻	o
昷	o
问	o
阌	o
忟	o
吻	o
炆	o
紊	o
螡	o
蚉	o
瘟	o
𪉃	o
彣	o
稳	u
刎	u
鳁	u
璺	u
脗	u
穏	u
雯	v
辒	v
桽	v
榅	v
塭	v
韫	v
瑥	v
欼	a
搋	i
𱊼	i
踹	o
啜	o
䦷	o
嘬	o
膪	u
膗	u
湾	a
绾	a
纨	a
卍	a
涴	a
𧹗	a
翫	a
婉	a
汍	a
婠	a
妧	a
卐	a
挽	i
蜿	i
畹	i
帵	i
蚖	i
岏	i
芄	i
菀	i
倇	i
抏	i
晚	o
晩	o
宛	o
剜	o
惋	o
唍	o
忨	o
完	o
烷	o
弯	o
丸	u
盌	u
夗	u
妴	u
㽜	u
㼝	u
皖	u
腕	u
脘	u
𬨈	v
豌	v
塆	v
椀	v
埦	v
碗	v
玩	v
刓	v
琬	v
琓	v
顽	v
屋	a
毋	a
𣱾	a
阢	a
𬮻	a
骛	a
婺	a
熃	a
鹜	a
奦	a
妩	a
鋈	a
㵲	a
娪	a
娬	a
污	a
浯	a
剭	a
洿	a
𣲘	a
汚	a
汙	a
弙	a
伍	i
蜈	i
岉	i
屼	i
峿	i
芜	i
钨	i
铻	i
侮	i
伆	i
𰓆	i
捂	i
仵	i
扤	i
儛	i
俉	i
𱏀	i
倵	i
误	o
诬	o
禑	o
祦	o
喔	o
吳	o
呉	o
晤	o
旿	o
悟	o
寤	o
悮	o
悞	o
忤	o
怃	o
呜	o
焐	o
吴	o
亡	o
唔	o
於	o
𤵐	o
庑	o
痦	o
物	u
务	u
乌	u
邬	u
勿	u
𪉁	u
鼯	u
㐅	u
舞	u
迕	u
筽	u
午	u
牾	u
啎	u
橆	u
五	v
吾	v
郚	v
巫	v
恶	v
悪	v
鹀	v
靰	v
雾	v
霚	v
坞	v
圬	v
兀	v
戊	v
卼	v
碔	v
武	v
梧	v
鹉	v
杌	v
珸	v
杇	v
珷	v
迟	a
池	a
驰	a
蚩	a
妛	a
翄	a
媸	a
弛	a
𰒒	a
遅	a
杘	a
持	i
螭	i
眙	i
蚇	i
佁	i
眵	i
岻	i
蚳	i
茌	i
侈	i
傺	i
摛	i
抶	i
齿	i
歯	i
侙	i
痴	o
嗤	o
褫	o
呎	o
呬	o
踟	o
憏	o
叱	o
炽	o
叺	o
呹	o
吃	o
烾	o
哧	o
啻	o
癡	o
瘛	o
喫	o
噄	o
斥	u
饬	u
卶	u
㺈	u
鸱	u
魑	u
翅	u
郗	u
瓻	u
彳	u
胣	u
笞	u
胵	u
竾	u
箎	u
黐	u
篪	u
赤	v
𬸈	v
耻	v
勅	v
恥	v
敕	v
𫛶	v
豉	v
墀	v
𠡠	v
雴	v
垑	v
坘	v
𠩺	v
牀	a
刅	a
创	i
𪭢	i
傸	i
窗	o
闯	o
怆	o
窓	o
𥦗	o
窻	o
噇	o
剏	o
剙	o
疮	o
𰃷	o
床	o
牕	u
牎	u
刱	v
沃	a
渥	a
戳	a
歠	a
娖	a
媉	a
婥	a
倭	i
蜗	i
幄	i
偓	i
莴	i
握	i
仴	i
龌	i
龊	i
逴	i
窝	o
踔	o
踒	o
惙	o
嗢	o
唩	o
焥	o
𪢕	o
斡	u
辵	u
肟	u
我	u
卧	v
辍	v
䰀	v
臥	v
硪	v
㦱	v
欻	o
歘	o
巛	a
剶	a
𰁒	a
串	i
遄	i
歂	i
钏	i
僢	i
喘	o
踳	o
穿	o
船	u
舛	u
川	u
舡	u
舩	u
氚	u
篅	u
椽	v
𰀁	v
玔	v
娃	a
汊	a
叉	a
漥	a
娲	a
姹	a
奼	a
洼	a
插	i
蛙	i
凹	i
畖	i
䯉	i
嵖	i
茶	i
茬	i
锸	i
镲	i
侘	i
挖	i
扠	i
搽	i
𢱑	i
揷	i
挿	i
偛	i
佤	i
察	o
袜	o
衩	o
诧	o
蹅	o
嗏	o
穵	o
㤞	o
咜	o
啘	o
窊	o
𥻗	o
唲	o
哇	o
咓	o
詧	u
猹	u
屲	u
岔	u
腽	u
艖	u
臿	u
𦉆	u
瓦	v
邷	v
杈	v
靫	v
韈	v
檫	v
劸	v
垞	v
槎	v
滃	a
蓊	i
嵡	i
㘢	i
蕹	i
𬭩	i
嗡	o
甕	o
罋	o
瓮	u
𮬢	u
齆	u
鹟	u
勜	u
翁	u
䩺	v
塕	v
奣	v
维	a
纬	a
潍	a
卫	a
渭	a
溦	a
涠	a
隈	a
隇	a
沩	a
溈	a
娓	a
洈	a
媦	a
𫰍	a
媙	a
尾	a
叞	a
螱	a
慰	a
褽	a
洧	a
尉	a
𣲗	a
位	i
围	i
罻	i
帷	i
蝟	i
嵔	i
蜼	i
遗	i
胃	i
峗	i
骫	i
峞	i
嵬	i
巍	i
崣	i
畏	i
蝛	i
囗	i
帏	i
萎	i
偎	i
蔚	i
𫢭	i
𫇭	i
蒍	i
薇	i
苇	i
薳	i
葳	i
伪	i
偽	i
倄	i
揻	i
伟	i
味	o
谓	o
诿	o
唯	o
喂	o
闱	o
韪	o
𬀩	o
惟	o
𰌷	o
煨	o
為	o
为	o
煟	o
炜	o
烓	o
痿	o
喴	o
痏	o
𮰔	o
委	u
危	u
鳚	u
猥	u
猬	u
鳂	u
𫗭	u
𬶏	u
𫗪	u
鲔	u
𬱟	u
厃	u
𤔡	u
微	u
艉	u
衞	u
㣲	u
𢕄	u
𬣀	u
魏	u
逶	u
未	v
梶	v
軎	v
椳	v
圩	v
霨	v
𭏸	v
霺	v
威	v
桅	v
硙	v
碨	v
违	v
韦	v
琟	v
𮧵	v
熭	v
玮	v
涌	a
𱺕	a
沖	a
隀	a
翀	a
㳘	a
虫	i
崇	i
罿	i
𥅻	i
茺	i
铳	i
摏	i
充	o
宠	o
忡	o
𢘷	o
崈	o
嘃	o
冲	o
䖝	u
艟	u
𢖄	u
舂	v
珫	v
憃	v
汪	a
网	i
罔	i
亾	i
蝄	i
罒	i
㒺	i
蚟	i
仼	i
忘	o
旺	o
惘	o
妄	o
望	o
往	u
魍	u
尣	u
兦	u
尩	u
徃	u
彺	u
王	v
辋	v
朢	v
尪	v
尢	v
𡯁	v
尫	v
枉	v
丑	a
绸	a
䌷	a
丒	a
𫝩	a
瞅	i
𥄨	i
矁	i
畴	i
雠	i
雔	i
讐	i
犨	i
抽	i
𫼝	i
俦	i
踌	o
裯	o
吜	o
𬣱	o
惆	o
瘳	o
愁	u
㲋	u
㚟	u
臭	u
筹	u
稠	u
𥬠	u
酬	v
酧	v
𲆭	v
椆	v
殠	v
妡	a
孞	a
阠	a
信	i
薪	i
芯	i
锌	i
伈	i
𨥖	i
鑫	i
伩	i
俽	i
心	o
䜣	o
昕	o
忻	o
𢗀	o
噺	o
炘	o
焮	o
辛	o
嬜	o
𫷷	o
歆	o
新	o
欣	u
衅	u
舋	u
囟	u
𱂶	u
馫	u
馨	v
枔	v
澳	a
𱉢	a
隩	a
隞	a
媪	a
媼	a
傲	i
岰	i
薁	i
噢	o
袄	o
懊	o
嚣	o
𬱞	o
慠	o
爊	o
嗷	o
鏖	o
廒	o
翱	u
𬸩	u
翺	u
嶴	u
奧	u
奥	u
𢦷	u
岙	u
鿫	u
熬	v
坳	v
㘭	v
垇	v
墺	v
奡	v
厫	v
鳌	v
骜	v
嫯	v
螯	v
嶅	v
鏊	v
遨	v
嗸	v
謷	v
敖	v
獒	v
𢧴	v
聱	v
璈	v
隘	a
𫘤	a
阸	a
欸	a
䎀	a
嫒	a
娭	a
娾	a
泧	a
艾	i
岤	i
㞽	i
薛	i
蔼	i
茓	i
𫉁	i
削	i
锿	i
挨	i
乴	i
踅	i
𫣊	i
捱	i
伌	i
哀	o
唉	o
谑	o
哎	o
嘊	o
暧	o
穴	o
泶	o
学	o
峃	o
𢽾	o
嗌	o
鸴	o
敩	o
怴	o
嗳	o
癌	o
斈	o
㗾	o
𠽌	o
啀	o
爱	u
鳕	u
狘	u
血	u
皑	u
矮	u
雪	v
㤅	v
靴	v
𫖇	v
埃	v
毐	v
壒	v
霭	v
坹	v
塧	v
𩌊	v
𣪨	v
碍	v
砹	v
瑷	v
樰	v
叆	v
阿	a
娿	a
阨	a
娥	a
婀	a
妿	a
姶	a
㛕	a
涐	a
妸	a
屙	a
俄	i
蛾	i
囮	i
崿	i
峨	i
峉	i
睋	i
峩	i
屵	i
萼	i
蕚	i
莪	i
苊	i
锷	i
偔	i
锇	i
𰽞	i
扼	i
搤	i
呃	o
讹	o
戹	o
谔	o
𰵑	o
𰵤	o
𠹷	o
遏	o
阏	o
吪	o
歞	o
愕	o
鄂	o
卾	o
呝	o
㓵	o
遌	o
鹗	o
颚	o
𱂨	o
额	o
咢	o
哦	o
𫫇	o
廅	o
饿	u
鳄	u
敋	u
𱂥	u
𱈚	u
匎	u
腭	u
鹅	u
轭	v
噩	v
垩	v
堨	v
堮	v
厄	v
𥔲	v
摁	i
㤙	i
峎	i
恩	i
蒽	i
嗯	o
煾	o
㕶	o
𠮾	o
姓	a
骍	a
陉	a
婞	a
𫰛	a
嬹	a
洐	a
荥	i
𰌀	i
荇	i
莕	i
铏	i
钘	i
擤	i
㨘	i
倖	i
侀	i
性	o
裄	o
星	o
曐	o
兴	o
惺	o
悻	o
煋	o
腥	u
猩	u
箵	u
形	v
醒	v
幸	v
杏	v
硎	v
型	v
邢	v
刑	v
瑆	v
㐩	v
㼛	v
媕	a
按	i
岸	i
𡚴	i
黯	i
峖	i
㟁	i
㽢	i
菴	i
铵	i
盦	i
儑	i
侒	i
揞	i
俺	i
案	o
谙	o
暗	o
𬮴	o
晻	o
啽	o
鞌	o
安	o
咹	o
庵	o
唵	o
氨	u
𩽾	u
鿷	u
胺	u
腤	u
鞍	v
桉	v
堓	v
垵	v
埯	v
雸	v
鹌	v
洱	a
𱅋	a
陑	a
㛅	a
洏	a
铒	i
峏	i
尒	i
𦬼	i
児	i
侕	i
咡	o
儿	u
尔	u
迩	u
饵	u
鲕	u
𡭗	u
胹	u
尓	u
耳	v
𮝵	v
𰺚	v
刵	v
鸸	v
而	v
𦓔	v
贰	v
栭	v
珥	v
二	v
弍	v
𬃘	v
弐	v
细	a
绤	a
𫘬	a
隙	a
隟	a
𨻶	a
隰	a
䧍	a
习	a
枲	a
洗	a
汐	a
潟	a
嬆	a
溪	a
渓	a
浠	a
媳	a
㶉	a
㛓	a
嬉	a
犀	a
屃	a
屖	a
淅	a
衋	a
屣	a
锡	i
螅	i
嶍	i
酅	i
㠄	i
巇	i
蠵	i
蟋	i
睎	i
盻	i
嵠	i
蜥	i
黖	i
蟢	i
䵱	i
葸	i
蓆	i
蓰	i
蒠	i
菥	i
铣	i
𬭳	i
傒	i
虩	i
俙	i
翕	i
卥	i
𬟪	i
僖	i
㱆	i
戱	i
䖒	i
席	o
禧	o
禊	o
𫍻	o
晰	o
𰈆	o
曦	o
喺	o
阋	o
晞	o
暿	o
嚱	o
𲈹	o
噏	o
惜	o
窸	o
穸	o
悕	o
恓	o
憘	o
吸	o
熻	o
唏	o
焬	o
爔	o
焁	o
熄	o
烯	o
羲	o
𪸕	o
粞	o
焟	o
熺	o
嘻	o
𠅤	o
瘜	o
唽	o
凞	o
夕	u
鳛	u
觿	u
饻	u
饩	u
玺	u
𬶮	u
𱖚	u
息	u
郋	u
舄	u
鼷	u
希	u
奚	u
郤	u
㿽	u
悉	u
欷	u
㰿	u
谿	u
豀	u
䏌	u
兮	u
徙	u
肸	u
徯	u
舾	u
稀	u
膝	u
熈	u
犠	u
牺	u
喜	v
樨	v
匸	v
昔	v
厀	v
媐	v
西	v
觋	v
卌	v
熙	v
𤋮	v
煕	v
醯	v
熹	v
霫	v
憙	v
赩	v
歖	v
赥	v
囍	v
析	v
檄	v
㭊	v
袭	v
晳	v
皙	v
矽	v
豨	v
磎	v
硒	v
橲	v
乡	a
飨	a
郷	a
蚃	a
骧	a
鄕	a
缃	a
姠	a
湘	a
像	i
蟓	i
䖮	i
嶑	i
芗	i
葙	i
镶	i
𬭅	i
佭	i
响	o
详	o
祥	o
𬁠	o
𨷿	o
𡪥	o
𡩉	o
翔	o
鲞	o
享	o
襄	o
亯	o
庠	o
㐮	o
廂	o
向	u
象	u
勨	u
𰮅	u
𫗵	u
饷	u
夅	u
㿝	u
香	u
缿	u
箱	u
相	v
项	v
想	v
厢	v
橡	v
楿	v
珦	v
瓖	v
线	a
㔾	a
𰬈	a
缐	a
𫄧	a
限	a
险	a
険	a
湺	a
陷	a
陥	a
嫌	a
㳄	a
姭	a
娹	a
涎	a
奾	a
孅	a
娴	a
𱙗	a
娨	a
妶	a
弦	a
婱	a
县	i
岘	i
県	i
蚬	i
𪾢	i
崄	i
𡸃	i
蚿	i
幰	i
䘆	i
仙	i
贤	i
仚	i
苋	i
佡	i
韱	i
藓	i
锨	i
𰂎	i
𰂋	i
𬭣	i
铦	i
伭	i
掀	i
挦	i
㧥	i
僊	i
僲	i
显	o
禒	o
呣	o
祆	o
𫍯	o
闲	o
㬎	o
𠯟	o
𬀪	o
尟	o
暹	o
跹	o
鹇	o
跣	o
𲊿	o
宪	o
忺	o
𬸣	o
羡	o
羨	o
籼	o
𬖑	o
烍	o
啣	o
痫	o
嘕	o
𰣯	o
冼	o
呒	o
咞	o
鲜	u
馅	u
猃	u
狝	u
𱈜	u
臽	u
𮬣	u
𤞤	u
献	u
韯	u
屳	u
腺	u
衔	u
舷	u
衘	u
氙	u
箲	u
秈	u
𠜎	u
筅	u
先	u
毨	u
𣭡	u
现	v
酰	v
尠	v
霰	v
𰉚	v
櫶	v
咸	v
杴	v
䩂	v
燹	v
𣔙	v
玹	v
珗	v
消	a
骁	a
绡	a
潇	a
洨	a
滧	a
淆	a
婋	a
涍	a
𰙑	a
销	i
崤	i
蟏	i
萧	i
翛	i
肖	i
逍	i
傚	i
俲	i
𪮋	i
𫾃	i
侾	i
小	i
烋	i
效	o
啸	o
𰵦	o
𫍲	o
嘨	o
晓	o
暁	o
宵	o
咲	o
宯	o
哮	o
灱	o
灲	o
焇	o
嘋	o
哓	o
効	o
鸮	o
歊	o
庨	o
笑	u
枭	u
虓	u
猇	u
𰡊	u
魈	u
皛	u
孝	u
殽	u
箫	u
筱	u
篠	u
筿	u
霄	v
枵	v
硝	v
续	a
绪	a
湑	a
胥	a
溆	a
㐨	a
矞	a
婿	a
絮	a
洫	a
㜅	a
姁	a
㳚	a
虚	i
勖	i
偦	i
盢	i
冔	i
盱	i
蓄	i
伵	i
蓿	i
𫓰	i
侐	i
叙	i
敍	i
虛	i
歔	i
敘	i
诩	o
谞	o
裇	o
𬣙	o
勗	o
煦	o
昫	o
旴	o
噓	o
朂	o
恤	o
㥠	o
糈	o
呴	o
喣	o
烅	o
烼	o
序	o
㖅	o
吁	o
须	u
旭	u
欨	u
𫚈	u
魆	u
卹	u
䘏	u
欰	u
徐	u
媭	u
𪾔	u
聟	u
需	v
栩	v
酗	v
醑	v
𦕓	v
墟	v
壻	v
垿	v
㰲	v
㰭	v
顼	v
珝	v
绣	a
𰬩	a
滫	a
溴	a
休	i
岫	i
䗛	i
脩	i
修	i
锈	i
俢	i
鸺	i
羞	o
袖	o
咻	o
嗅	o
烌	o
庥	o
褎	o
褏	o
秀	u
馐	u
𱃝	u
貅	u
䜬	u
朽	v
臹	v
髹	v
髤	v
琇	v
珛	v
渲	a
绚	a
𫠊	a
漩	a
泫	a
媗	a
嫙	a
弲	a
悬	i
眩	i
翾	i
㘣	i
萱	i
儇	i
蕿	i
藼	i
萲	i
铉	i
镟	i
揎	i
宣	o
谖	o
禤	o
𫍽	o
𬤎	o
暄	o
昡	o
昍	o
暶	o
晅	o
喧	o
懁	o
吅	o
愃	o
炫	o
煊	o
烜	o
旋	o
玄	o
痃	o
咺	o
癣	o
衒	u
选	u
璇	v
轩	v
楦	v
塇	v
碹	v
楥	v
䃠	v
瑄	v
㻆	v
璿	v
琄	v
琁	v
舝	a
𬯅	a
遐	a
㰺	a
侠	i
翈	i
㘡	i
瞎	i
峡	i
黠	i
锕	i
𰾤	i
𬭪	i
傄	i
啊	o
祫	o
暇	o
吖	o
炠	o
煆	o
烚	o
狭	u
狎	u
𫚥	u
谺	u
舺	u
罅	u
腌	u
夏	v
辖	v
匣	v
柙	v
乤	v
丅	v
𩉾	v
下	v
霞	v
圷	v
夓	v
硖	v
瑕	v
梺	v
鞥	v
巡	a
驯	a
廵	a
𬘓	a
𫄸	a
汛	a
潠	a
浔	a
逊	a
洵	a
迅	a
𬩽	a
卂	a
巽	a
㝷	a
寻	a
巺	a
薰	i
峋	i
𫊻	i
𰥛	i
荀	i
薫	i
蕈	i
伨	i
侚	i
偱	i
训	o
讯	o
勋	o
诶	o
询	o
噀	o
㖊	o
曛	o
恂	o
䵫	o
窨	o
𬊈	o
燻	o
嚑	o
循	u
旬	u
鲟	u
獯	u
狥	u
㰬	u
𱈓	u
徇	u
熏	u
勳	u
勲	u
殉	v
醺	v
埙	v
壦	v
壎	v
坃	v
栒	v
奞	v
杊	v
珣	v
𬍤	v
汹	a
熊	a
洶	a
㚾	a
芎	i
兄	o
讻	o
诇	o
恟	o
忷	o
哅	o
㕼	o
胸	u
匈	u
夐	u
胷	u
凶	u
兇	u
𦓈	u
雄	v
盎	i
岇	i
昻	o
昂	o
肮	u
卬	u
枊	v
泄	a
缬	a
绁	a
𫄬	a
瀣	a
𠙶	a
洩	a
泻	a
勰	a
澥	a
媟	a
屑	a
渫	a
沤	a
屧	a
屟	a
斜	i
蝎	i
䵦	i
蠍	i
嶰	i
蠏	i
峫	i
偶	i
蕅	i
薢	i
藕	i
薤	i
携	i
娎	i
攜	i
㩗	i
擕	i
㩦	i
㰡	i
撷	i
揳	i
偕	i
𬹼	i
𫧯	i
禼	i
伳	i
偰	i
㙦	i
写	o
谢	o
嗋	o
冩	o
谐	o
𮖱	o
讴	o
歇	o
躞	o
懈	o
怄	o
叶	o
灺	o
熁	o
炧	o
㰨	o
𬉼	o
吘	o
呕	o
燮	o
𱒀	o
亵	o
㖿	o
爕	o
廨	o
夑	o
𫪘	o
衺	o
协	u
胁	u
蟹	u
邂	u
獬	u
脇	u
卸	u
欧	v
邪	v
榍	v
鞋	v
鞵	v
塮	v
殴	v
榭	v
鸥	v
瓯	v
械	v
耦	v
𤫉	v
楔	v
引	a
骃	a
𬘡	a
𦈠	a
阴	a
洇	a
阥	a
隂	a
隐	a
隠	a
𬄩	a
陻	a
檃	a
廴	a
淫	a
姻	a
峾	a
滛	a
溵	a
婬	a
垽	a
尹	a
湮	a
银	i
蚓	i
囙	i
崟	i
崯	i
螾	i
圁	i
嶾	i
欭	i
蟫	i
因	i
荫	i
茵	i
茚	i
铟	i
㱃	i
飮	i
侌	i
㧈	i
龂	i
音	o
吲	o
𮙊	o
裀	o
冘	o
禋	o
𬤇	o
吟	o
訚	o
𬮱	o
寅	o
噾	o
愔	o
喑	o
嚚	o
烟	o
瘾	o
𫷮	o
瘖	o
凐	o
噖	o
印	u
饮	u
胤	u
夤	u
狺	u
䲟	u
㥯	u
殷	u
慇	u
氤	u
垠	v
鄞	v
靷	v
歅	v
垔	v
堙	v
霪	v
慭	v
堷	v
韾	v
㹜	v
珢	v
烎	v
妖	a
幺	a
约	a
姚	a
𡣡	a
媱	a
婹	a
药	i
崾	i
𡣠	i
岆	i
峣	i
𰎔	i
𱽚	i
薬	i
耀	i
钥	i
摇	i
傜	i
揺	i
搖	i
偠	i
𫜪	i
𱌰	i
咬	o
谣	o
吆	o
袎	o
祅	o
曜	o
㫐	o
㿢	o
窑	o
窈	o
窅	o
窯	o
窰	o
宎	o
䶸	o
燿	o
嗂	o
烑	o
熎	o
喓	o
腰	u
鳐	u
遙	u
猺	u
𬳁	u
邀	u
遥	u
舀	u
鹞	u
飖	u
爻	u
肴	u
尭	u
徭	u
夭	u
瑶	v
尧	v
轺	v
靿	v
要	v
杳	v
垚	v
㙘	v
殀	v
榣	v
珧	v
瑤	v
瀹	a
𡛟	a
嬳	a
曱	i
黦	i
蚎	i
岄	i
𰎫	i
蚏	i
钺	i
抈	i
龠	i
阅	o
跃	o
曰	o
跀	o
䟠	o
悦	o
悅	o
爚	o
𬸚	u
岳	u
刖	u
粤	u
粵	u
𰙦	u
月	u
籥	u
矱	u
籰	u
籆	u
䈅	u
越	v
戉	v
𫐄	v
玥	v
樾	v
液	a
也	a
业	i
野	i
𰎑	i
曳	i
邺	i
僷	i
铘	i
掖	i
揶	i
抴	i
倻	i
夜	o
谒	o
吔	o
咽	o
嘢	o
晔	o
暍	o
㖡	o
烨	o
𮳴	o
冶	o
亱	o
噎	o
𲍿	o
𫩫	o
爷	u
馌	u
腋	u
歋	u
䈎	u
页	v
𡐨	v
壄	v
耶	v
枼	v
𰉪	v
靥	v
椰	v
埜	v
盈	a
缨	a
𰜳	a
滢	a
𪧀	a
潆	a
渶	a
溁	a
𰝅	a
婴	a
𲂻	a
鹦	a
𬸕	a
罂	a
瀛	a
𰢤	a
媖	a
𫝭	a
英	i
蝇	i
𪩎	i
蝿	i
𫜙	i
营	i
萦	i
𮐨	i
萤	i
偀	i
蓥	i
荧	i
莺	i
䓨	i
莹	i
茔	i
锳	i
撄	i
影	o
嘤	o
映	o
暎	o
営	o
𰋷	o
蛍	o
𭸼	o
煐	o
赢	o
嬴	o
郢	o
瘿	o
𫷾	o
䧹	o
譍	o
応	o
噟	o
应	o
鹰	o
膺	o
迎	u
颖	u
颍	u
颕	u
軈	u
媵	u
膡	u
籝	u
𰪣	u
硬	v
樱	v
楹	v
鿿	v
桜	v
霙	v
瑛	v
璎	v
𬎆	v
珱	v
沿	a
验	a
沇	a
𬙂	a
渰	a
隁	a
演	a
妍	a
淊	a
㳂	a
姲	a
娮	a
娫	a
嫣	a
嬿	a
𱙔	a
㛪	a
姸	a
淹	a
漹	a
滟	a
岩	i
蜒	i
觃	i
眼	i
嶖	i
黭	i
嵃	i
嵓	i
巌	i
𪩘	i
艶	i
𰎹	i
罨	i
𪨷	i
𰎠	i
黫	i
蝘	i
崦	i
黤	i
菸	i
莚	i
芫	i
偐	i
偣	i
掩	i
揜	i
俨	i
虤	i
傿	i
偃	i
弇	i
甗	i
鬳	i
言	o
谚	o
扊	o
谳	o
䜩	o
妟	o
啱	o
晏	o
阎	o
𮭨	o
昖	o
阉	o
曣	o
𪡋	o
猒	o
闫	o
宴	o
厳	o
喦	o
嵒	o
𫛩	o
唁	o
戭	o
喭	o
恹	o
炎	o
𰟘	o
焱	o
焰	o
焔	o
煙	o
颜	o
乵	o
嚥	o
彦	o
兖	o
兗	o
彥	o
延	u
燄	u
胭	u
鼹	u
鼴	u
㕣	u
衍	u
臙	u
筵	u
簷	u
牪	u
研	v
严	v
鄢	v
嬊	v
燕	v
𬸧	v
焉	v
酽	v
醼	v
醃	v
盐	v
郾	v
匽	v
𰊡	v
𬸘	v
㰽	v
棪	v
塩	v
堰	v
墕	v
𫭲	v
厌	v
檐	v
赝	v
𰋽	v
奄	v
砚	v
厣	v
黡	v
雁	v
剦	v
餍	v
揅	v
𰑕	v
魇	v
䶮	v
硏	v
艳	v
琰	v
已	a
乙	a
驿	a
绎	a
㣇	a
缢	a
彝	a
彜	a
𫄷	a
瀷	a
洢	a
潩	a
迆	a
阣	a
陭	a
矣	a
贻	a
浥	a
𰷠	a
翼	a
以	a
翌	a
溢	a
羿	a
𠬤	a
姨	a
漪	a
𡛂	a
嬑	a
𮰸	a
㛄	a
沂	a
嫕	a
嬄	a
泆	a
异	a
彛	a
㰝	a
弬	a
依	i
亿	i
峄	i
䯆	i
𰲹	i
蛜	i
蜴	i
蚁	i
螠	i
崺	i
畩	i
屹	i
嶷	i
黟	i
伊	i
㠯	i
峓	i
骮	i
黓	i
異	i
𫖮	i
艺	i
苡	i
苢	i
薏	i
䓪	i
萓	i
苅	i
𬟁	i
蓺	i
仪	i
钇	i
俋	i
铱	i
镒	i
镱	i
伿	i
㑊	i
𬬩	i
偯	i
抑	i
伇	i
揖	i
挹	i
佾	i
倚	i
侇	i
𬺈	i
亦	o
议	o
译	o
𫍙	o
邑	o
冝	o
𰵖	o
谊	o
𫍡	o
扆	o
诣	o
扅	o
𫍟	o
祎	o
吚	o
易	o
咿	o
呓	o
晹	o
曀	o
宜	o
忆	o
唈	o
寱	o
怡	o
怿	o
悒	o
寲	o
宐	o
噫	o
宧	o
𠲖	o
义	o
熠	o
熤	o
益	o
兿	o
燚	o
焲	o
鹢	o
炈	o
熪	o
衣	o
咦	o
翊	o
裔	o
廙	o
帟	o
呭	o
意	o
裛	o
癔	o
庡	o
毅	o
疫	o
旖	o
弈	o
痍	o
瘗	o
奕	o
逸	u
肄	u
肊	u
饴	u
㹭	u
迻	u
𮬜	u
觺	u
𱊄	u
猗	u
𮩞	u
劓	u
帠	u
𱊈	u
臆	u
刈	u
䖊	u
乂	u
役	u
舣	u
𠂆	u
𰀪	u
垼	u
移	u
胰	u
㐌	u
劮	u
篒	u
迤	u
箷	u
簃	u
医	v
夷	v
匜	v
弋	v
轶	v
𢎀	v
颐	v
酏	v
勚	v
栧	v
巸	v
𦣞	v
壹	v
圯	v
亄	v
辷	v
夁	v
霬	v
懿	v
埸	v
鹝	v
壱	v
坄	v
㱅	v
𭩚	v
椸	v
檍	v
𣐿	v
翳	v
繄	v
栘	v
嫛	v
瞖	v
黳	v
枍	v
𥐟	v
鹥	v
殹	v
殪	v
毉	v
椅	v
一	v
杙	v
弌	v
枻	v
𪎈	v
预	a
驭	a
滪	a
潏	a
纡	a
隅	a
湡	a
渝	a
陓	a
予	a
羽	a
遹	a
豫	a
鹬	a
淤	a
淯	a
浴	a
渔	a
妤	a
媀	a
娱	a
娛	a
娯	a
妪	a
𱙄	a
鬻	a
熨	a
聿	a
余	i
遇	i
嶎	i
嵛	i
嵎	i
髃	i
蝓	i
崳	i
愚	i
伃	i
峪	i
䵥	i
屿	i
圄	i
圉	i
蜮	i
罭	i
㽣	i
禺	i
芋	i
蓣	i
㒁	i
𠈌	i
萸	i
芌	i
钰	i
俁	i
俣	i
俼	i
𰽗	i
揄	i
偊	i
愈	i
觎	i
雓	i
逾	i
悆	i
虞	i
歈	i
伛	i
䲣	i
龉	i
𬱳	i
语	o
裕	o
哟	o
谕	o
褕	o
噊	o
谀	o
喻	o
喁	o
踰	o
昱	o
𣋉	o
阈	o
噳	o
寓	o
愉	o
喅	o
窬	o
誉	o
窳	o
寙	o
宇	o
唷	o
唹	o
煜	o
燏	o
喩	o
焴	o
燠	o
育	o
乻	o
庽	o
瘉	o
癒	o
瘀	o
庾	o
瘐	o
喐	o
𭤰	o
鱼	u
狱	u
馀	u
狳	u
㺄	u
𫛣	u
饫	u
舆	u
禹	u
鄅	u
𱊭	u
臾	u
𬛼	u
魊	u
舁	u
欲	u
貐	u
慾	u
鹆	u
兪	u
御	u
腴	u
艅	u
㼌	u
竽	u
毓	u
稶	u
于	v
欤	v
与	v
雨	v
敔	v
榆	v
匬	v
楡	v
域	v
霱	v
䨒	v
䨕	v
堣	v
堬	v
堉	v
雩	v
彧	v
郁	v
欝	v
鬰	v
硲	v
玉	v
邘	v
亐	v
瑜	v
盂	v
迂	v
棫	v
瑀	v
栯	v
玙	v
玗	v
院	a
缘	a
𫘪	a
贠	a
䏍	a
渕	a
渊	a
嬽	a
湲	a
媛	a
婣	a
嫄	a
媴	a
源	a
沅	a
园	i
圆	i
囦	i
円	i
蜎	i
蝯	i
螈	i
苑	i
薗	i
蒝	i
援	i
掾	i
傆	i
员	o
冤	o
噮	o
鹓	o
寃	o
𡨘	o
羱	o
剈	o
肙	o
㷧	o
㾓	o
怨	u
猿	u
眢	u
㠾	u
鸳	u
猨	u
爰	u
𱉧	u
衏	u
箢	u
原	v
辕	v
橼	v
鸢	v
袁	v
垣	v
塬	v
愿	v
厡	v
𰆬	v
厵	v
𫖸	v
远	v
鼋	v
瑗	v
元	v
涯	a
𰌦	a
娅	a
劜	a
押	i
鸭	i
䵝	i
崖	i
岈	i
蚜	i
圔	i
睚	i
崕	i
芽	i
蕥	i
铔	i
揠	i
挜	i
伢	i
𱎫	i
呀	o
讶	o
丫	o
哑	o
唖	o
庘	o
痖	o
庌	o
衙	u
猰	u
犽	u
䝟	u
氩	u
牙	v
雅	v
迓	v
鸦	v
亚	v
亜	v
𱉨	v
𭭈	v
𤴓	v
垭	v
圠	v
堐	v
砑	v
厑	v
厓	v
厊	v
𰉧	v
圧	v
压	v
桠	v
枒	v
琊	v
玡	v
允	a
纭	a
缊	a
陨	a
阭	a
涢	a
孕	a
㚺	a
㛣	a
妘	a
㞌	a
沄	a
蕴	i
畇	i
囩	i
芸	i
荺	i
𱎯	i
𫟵	i
佨	i
伝	i
晕	o
郧	o
郓	o
昀	o
愠	o
慍	o
恽	o
煴	o
熅	o
𤈶	o
韵	o
赟	o
𱂐	o
匀	u
狁	u
匂	u
勻	u
氲	u
氳	u
筼	u
馧	u
运	v
酝	v
醞	v
鋆	v
𫕥	v
殒	v
奫	v
夽	v
耘	v
䢵	v
玧	v
云	v
枟	v
勇	a
㴩	a
雝	a
邕	a
慂	a
湧	a
䧡	a
泳	a
勈	a
甬	a
恿	a
澭	a
嫞	a
拥	i
蛹	i
俑	i
嵱	i
颙	i
镛	i
佣	i
𢫕	i
永	o
嗈	o
𰵞	o
踊	o
咏	o
慵	o
噰	o
㶲	o
庸	o
雍	o
廱	o
鄘	o
饔	o
㽫	o
痈	o
壅	o
臃	u
鳙	u
鲬	u
用	u
惥	u
墉	v
栐	v
埇	v
塎	v
洋	a
𩧫	a
阳	a
泱	a
阦	a
漾	a
瀁	a
姎	a
𠃓	a
扬	i
央	i
岟	i
蛘	i
鸯	i
佒	i
佯	i
钖	i
仰	i
傟	i
养	o
旸	o
咉	o
怏	o
羊	o
炀	o
劷	o
炴	o
恙	o
羕	o
烊	o
奍	o
痒	o
疡	o
氧	u
飏	u
徉	u
秧	u
杨	v
鞅	v
垟	v
坱	v
雵	v
様	v
样	v
殃	v
又	a
幼	a
𢆶	a
油	a
浟	a
游	a
㕛	a
𠮢	a
姷	a
㳓	a
由	i
邮	i
幽	i
蚴	i
黝	i
㽕	i
蚰	i
峳	i
蝣	i
㘥	i
囿	i
峟	i
悠	i
㛜	i
莜	i
攸	i
莸	i
莠	i
铀	i
偤	i
铕	i
优	i
卣	i
逌	i
佑	i
佦	i
侑	i
忧	o
诱	o
呦	o
祐	o
宥	o
猷	o
㶭	o
羑	o
唀	o
疣	o
遊	o
麀	o
嚘	o
哊	o
斿	o
亴	o
庮	o
犹	u
鱿	u
鲉	u
㹨	u
狖	u
㰶	u
牖	u
鼬	u
釉	u
䍃	u
肬	u
秞	u
右	v
𬨎	v
酉	v
柚	v
楢	v
友	v
尤	v
鄾	v
㱊	v
有	v
丣	v
槱	v
耰	v
罪	i
嶊	i
嶵	i
蕞	i
觜	i
嘴	o
噿	o
晬	o
最	o
㝡	o
辠	u
酨	u
穝	u
醉	v
槜	v
檇	v
酔	v
樶	v
厜	v
𨠾	v
澡	a
蚤	a
𧈡	a
藻	i
凿	i
糟	o
𬤨	o
躁	o
早	o
蹧	o
噪	o
慥	o
䆴	o
竃	o
灶	o
唣	o
唕	o
造	u
皂	u
皁	u
簉	u
遭	v
枣	v
𪣝	v
𥖨	v
璪	v
甾	a
災	a
𰬴	a
渽	a
仔	i
崽	i
睵	i
傤	i
灾	o
宰	o
载	u
栽	u
䵧	u
𤱱	u
𥅰	u
哉	u
𨚵	u
烖	u
㦲	u
㢤	u
𢦏	u
㘽	u
𧯥	u
𰧸	u
𠕅	v
𠕂	v
再	v
在	v
𢦒	v
𠳆	v
𨛚	v
𤈮	v
𣒭	v
泽	a
沢	a
汄	a
则	a
帻	i
𰎖	i
伬	i
択	i
𫜬	i
𱌬	i
昃	o
啧	o
庂	o
舴	u
鲗	u
迮	u
笮	u
箦	u
责	v
夨	v
赜	v
仄	v
谮	o
怎	u
𪷽	a
拶	i
偺	i
𰃆	i
咱	o
𬤮	o
糌	o
喒	o
噆	o
赞	u
昝	u
簪	u
簮	u
暂	v
錾	v
桚	v
𫏐	v
兂	v
趱	v
瓒	v
𰷣	v
阻	a
组	a
俎	i
崒	i
崪	i
葅	i
镞	i
足	o
祖	o
诅	o
哫	o
族	o
䘚	o
㰵	o
租	u
爼	u
珇	v
子	a
淄	a
缁	a
孜	a
滋	a
滓	a
姊	a
姉	a
渍	a
紫	i
虸	i
崰	i
眦	i
嵫	i
㽧	i
菑	i
孶	i
锱	i
镃	i
龇	i
赀	i
𡥎	i
胔	i
倳	i
眥	i
訾	i
呰	i
啙	i
㰣	i
𦙼	i
资	o
谘	o
嗞	o
字	o
孳	o
籽	o
姿	o
咨	o
恣	o
𱌙	o
自	u
鲻	u
胾	u
笫	u
牸	u
秭	u
梓	v
辎	v
杍	v
髭	v
鄑	v
鼒	v
剚	v
趑	v
趦	v
耔	v
𦛹	v
阼	a
𦈛	a
䶹	a
作	i
岞	i
岝	i
坐	i
做	i
捽	i
佐	i
座	o
祚	o
昨	o
唑	o
咗	o
胙	u
筰	u
左	v
𠂇	v
㘸	v
缵	a
钻	i
𰿆	i
攥	i
躜	o
纂	u
𱆈	v
沯	a
雥	i
襍	o
囃	o
𠷿	o
咂	o
𰗣	o
杂	u
雑	u
臜	u
砸	v
匝	v
帀	v
枠	v
赠	a
缯	a
综	a
锃	i
罾	i
㽪	i
𪒟	i
䙢	o
𬤤	o
憎	o
甑	o
鄫	o
䎖	o
熷	o
矰	u
増	v
橧	v
䰝	v
增	v
磳	v
𰧞	v
璔	v
贼	a
撙	i
嶟	i
僔	i
𨱔	i
捘	i
尊	o
噂	o
遵	o
鳟	u
罇	u
樽	v
纵	a
骔	a
𮪣	a
偬	i
嵏	i
𡵝	i
嵕	i
倧	i
捴	i
傯	i
倊	i
摠	i
宗	o
踪	o
𧿛	o
粽	o
总	o
糉	o
疭	o
腙	u
㚇	u
𡕰	u
棕	v
鬃	v
鬉	v
鬷	v
𭎂	v
堫	v
䝋	v
椶	v
赃	a
驵	a
牂	a
弉	a
𰷭	a
葬	i
塟	i
𦵏	i
脏	u
臓	u
欌	v
驺	a
𮉪	a
陬	a
揍	i
诹	o
邹	u
鲰	u
奏	v
鄹	v
郰	v
赱	v
走	v
